index,id
0,117790
1,204046
2,322000
3,366020
4,95050
5,211388
6,168553
7,6896
8,330312
9,123661
10,266329
11,326966
12,324939
13,325914
14,138236
15,209001
16,29532
17,269339
18,130695
19,160765
20,119870
21,325239
22,319208
23,341332
24,67166
25,80384
26,31038
27,344940
28,71903
29,28653
30,110451
31,169102
32,249940
33,265993
34,241680
35,187109
36,327008
37,126580
38,351240
39,130882
40,188951
41,98475
42,13712
43,170107
44,250020
45,204777
46,8110
47,24947
48,94404
49,203087
50,115413
51,203956
52,205916
53,360595
54,137271
55,144109
56,325613
57,190876
58,233179
59,161429
60,86163
61,22333
62,336847
63,243992
64,126517
65,168461
66,126955
67,31154
68,33458
69,75094
70,157698
71,236336
72,276064
73,126971
74,144872
75,189783
76,140701
77,143955
78,27776
79,327898
80,238395
81,326090
82,346242
83,342973
84,51372
85,362923
86,365865
87,104959
88,332561
89,65367
90,366251
91,143120
92,343429
93,121241
94,238060
95,242157
96,96511
97,329371
98,73617
99,249953
100,1934
101,327598
102,201949
103,22409
104,353181
105,342940
106,319209
107,366914
108,343720
109,181620
110,237269
111,197887
112,366294
113,116608
114,341590
115,46867
116,181360
117,182928
118,345707
119,241880
120,82421
121,235776
122,28304
123,337449
124,238223
125,233582
126,164814
127,242506
128,170393
129,342815
130,336639
131,127588
132,53605
133,94207
134,84528
135,215298
136,263783
137,326122
138,128065
139,174510
140,346014
141,113603
142,207903
143,264298
144,39673
145,325181
146,259627
147,76172
148,71876
149,103965
150,321190
151,143904
152,231552
153,17755
154,184342
155,249663
156,249708
157,201035
158,67834
159,71883
160,325289
161,328029
162,361417
163,126968
164,18680
165,21563
166,21934
167,325404
168,26264
169,26270
170,67280
171,27065
172,27346
173,27348
174,32537
175,179438
176,38279
177,38283
178,45922
179,117146
180,102666
181,46730
182,52882
183,57798
184,56626
185,59727
186,201032
187,72230
188,264281
189,250538
190,163364
191,86768
192,335453
193,86772
194,41365
195,94645
196,179355
197,39887
198,269461
199,353665
200,55011
201,110917
202,108212
203,168088
204,361280
205,185139
206,354018
207,17653
208,341369
209,119934
210,347954
211,74517
212,85574
213,339440
214,92657
215,81274
216,47192
217,75833
218,111612
219,62322
220,181251
221,161344
222,28523
223,197204
224,232726
225,102681
226,194590
227,158456
228,125738
229,139109
230,141990
231,149244
232,335716
233,233282
234,327146
235,161382
236,191151
237,346007
238,65790
239,264408
240,324437
241,70322
242,364859
243,28426
244,351608
245,267418
246,345495
247,253391
248,157879
249,49728
250,87281
251,25453
252,347377
253,46888
254,346852
255,74488
256,353077
257,166220
258,179203
259,365660
260,137393
261,334980
262,167253
263,82667
264,206066
265,63802
266,274663
267,86225
268,243670
269,113602
270,169949
271,366079
272,83694
273,240643
274,163514
275,201950
276,123901
277,73258
278,368532
279,366744
280,91229
281,275578
282,328054
283,238506
284,332494
285,345744
286,169934
287,232134
288,52166
289,34304
290,335007
291,99155
292,98303
293,133035
294,178891
295,151472
296,75092
297,70295
298,271179
299,190928
300,126934
301,204910
302,261072
303,194452
304,242513
305,319704
306,104642
307,54970
308,110129
309,126341
310,366208
311,202394
312,19404
313,155612
314,334458
315,56737
316,77623
317,78455
318,32681
319,335054
320,73731
321,329548
322,51731
323,345564
324,346137
325,170434
326,163049
327,168452
328,268576
329,189558
330,75000
331,321933
332,213948
333,126880
334,161875
335,272334
336,366066
337,345983
338,201033
339,259614
340,170675
341,104843
342,182606
343,262602
344,118657
345,22952
346,321119
347,96958
348,250853
349,124172
350,267417
351,94650
352,148190
353,148189
354,119949
355,240131
356,365980
357,34522
358,119830
359,253288
360,275617
361,319217
362,52165
363,185752
364,253605
365,149471
366,84118
367,320154
368,369
369,87786
370,220931
371,160445
372,54899
373,90356
374,174908
375,235714
376,325606
377,201637
378,71023
379,140453
380,351791
381,45406
382,239496
383,239495
384,242198
385,130017
386,351278
387,268524
388,108274
389,264585
390,57365
391,348925
392,117602
393,135444
394,81051
395,360945
396,162213
397,82808
398,144069
399,108449
400,185166
401,144024
402,124430
403,125394
404,341737
405,146190
406,316815
407,342974
408,112296
409,267548
410,21413
411,249941
412,96211
413,360456
414,259621
415,174382
416,330821
417,52299
418,246227
419,365988
420,260808
421,186338
422,200337
423,138034
424,186518
425,185160
426,336773
427,325745
428,342979
429,160995
430,369245
431,16648
432,201147
433,60851
434,114284
435,109159
436,334075
437,239092
438,213112
439,239086
440,74463
441,45600
442,180024
443,101495
444,199950
445,126441
446,219489
447,19372
448,153110
449,361124
450,59889
451,268220
452,151456
453,168696
454,198378
455,335182
456,38556
457,89973
458,193976
459,141506
460,181936
461,56293
462,207459
463,61520
464,254201
465,367952
466,325245
467,206056
468,266527
469,188427
470,340454
471,322970
472,123999
473,58556
474,82096
475,134984
476,93988
477,233104
478,64123
479,33856
480,219599
481,177605
482,173096
483,103956
484,117555
485,147245
486,209766
487,130597
488,253080
489,177000
490,367704
491,151454
492,123606
493,217894
494,239952
495,38977
496,90718
497,192190
498,52407
499,162249
500,204167
501,321666
502,347047
503,50623
504,68962
505,338110
506,215988
507,117064
508,200191
509,322953
510,202770
511,30438
512,78656
513,338191
514,197203
515,31959
516,346372
517,69647
518,126961
519,150856
520,98022
521,180743
522,147912
523,235697
524,205600
525,172348
526,178080
527,126943
528,126944
529,260815
530,334035
531,118046
532,294453
533,97607
534,71965
535,156395
536,202042
537,187660
538,181140
539,339522
540,268994
541,274665
542,140337
543,326548
544,341561
545,45513
546,128308
547,198787
548,166204
549,9459
550,38138
551,251427
552,263553
553,108425
554,123443
555,117554
556,173151
557,123777
558,180735
559,348013
560,72535
561,267697
562,126757
563,198545
564,329770
565,78073
566,90357
567,223688
568,351783
569,17972
570,178609
571,232990
572,244934
573,185272
574,102583
575,123452
576,325799
577,123466
578,124363
579,108271
580,188206
581,48252
582,21843
583,341965
584,86182
585,337747
586,94796
587,116601
588,44568
589,209215
590,209214
591,197102
592,81388
593,126379
594,180159
595,178016
596,170992
597,138276
598,74458
599,103545
600,132724
601,231264
602,241824
603,117626
604,33871
605,109218
606,250009
607,101406
608,35534
609,264121
610,335274
611,366961
612,219371
613,126960
614,188498
615,40955
616,183496
617,365709
618,366299
619,277159
620,128897
621,334658
622,124388
623,50121
624,66116
625,25901
626,91998
627,87467
628,168460
629,108788
630,261615
631,329808
632,168457
633,46630
634,251556
635,91997
636,161083
637,192338
638,252804
639,174874
640,257420
641,251570
642,52353
643,173447
644,85235
645,164369
646,134889
647,65886
648,70302
649,268520
650,209674
651,169560
652,150179
653,118268
654,347855
655,366377
656,235221
657,179362
658,256820
659,110426
660,365689
661,152776
662,96659
663,150085
664,233702
665,133818
666,237393
667,233984
668,81723
669,118223
670,85758
671,38141
672,199934
673,179361
674,267192
675,331153
676,173848
677,58559
678,180161
679,85484
680,98454
681,244418
682,366589
683,237333
684,200276
685,267626
686,336470
687,174624
688,18761
689,49021
690,70087
691,240914
692,161327
693,78937
694,172404
695,369198
696,141865
697,209301
698,150174
699,317658
700,82444
701,171373
702,232144
703,277479
704,153556
705,210825
706,82269
707,184886
708,108286
709,191955
710,325879
711,34589
712,74226
713,340863
714,260212
715,57055
716,152567
717,153235
718,338001
719,101470
720,139768
721,157430
722,74479
723,337097
724,264456
725,263079
726,23131
727,137206
728,64315
729,72227
730,265020
731,103979
732,47179
733,125252
734,136408
735,192183
736,327620
737,218455
738,107609
739,325589
740,211817
741,125438
742,140330
743,178285
744,274563
745,69582
746,268921
747,276597
748,321510
749,54161
750,120337
751,18231
752,61436
753,331370
754,325646
755,325712
756,237218
757,65172
758,322614
759,19292
760,238216
761,Not found
762,74504
763,171042
764,223892
765,111213
766,65992
767,219854
768,176105
769,101188
770,321446
771,181252
772,365030
773,72026
774,320899
775,73716
776,353983
777,346392
778,208436
779,163420
780,223180
781,278119
782,201592
783,53694
784,177618
785,235915
786,150439
787,57891
788,366388
789,249932
790,24103
791,319216
792,189455
793,238938
794,210534
795,235724
796,172091
797,86197
798,85440
799,162133
800,219232
801,181244
802,71789
803,43977
804,328907
805,64452
806,321204
807,343159
808,174776
809,63222
810,52112
811,121781
812,50223
813,257036
814,237757
815,265019
816,35281
817,100905
818,351921
819,255597
820,262647
821,244330
822,184609
823,155146
824,59875
825,60084
826,141141
827,131132
828,166925
829,332624
830,319514
831,54913
832,159471
833,39672
834,238068
835,350809
836,365623
837,107038
838,59053
839,124287
840,76210
841,51818
842,159474
843,97604
844,125791
845,125423
846,17126
847,176019
848,108772
849,325608
850,260056
851,340919
852,346785
853,245730
854,185066
855,271471
856,351239
857,72029
858,239099
859,102807
860,346140
861,344987
862,71884
863,111490
864,56515
865,116312
866,130249
867,28073
868,20569
869,55166
870,344210
871,73416
872,70983
873,177888
874,33697
875,89060
876,60613
877,268860
878,76558
879,76563
880,121299
881,368139
882,48306
883,71865
884,117593
885,267132
886,141514
887,186043
888,181612
889,80317
890,9412
891,85226
892,128048
893,79697
894,89438
895,86201
896,213182
897,95550
898,64456
899,95692
900,328809
901,259967
902,98222
903,26104
904,145000
905,360762
906,362986
907,109377
908,53473
909,111212
910,324103
911,165748
912,118937
913,149931
914,340465
915,32936
916,350456
917,78562
918,341321
919,328139
920,48693
921,338685
922,121293
923,89674
924,188251
925,209217
926,61579
927,137981
928,85460
929,27705
930,181253
931,173190
932,316616
933,246490
934,168462
935,347579
936,17477
937,93023
938,176596
939,101839
940,210882
941,55019
942,97395
943,202184
944,179439
945,208992
946,335055
947,95490
948,208829
949,326834
950,361065
951,339349
952,219518
953,191740
954,353182
955,240115
956,69243
957,263497
958,180515
959,125158
960,126871
961,59009
962,24256
963,128341
964,178133
965,133443
966,189191
967,198320
968,216544
969,265017
970,83662
971,215966
972,216741
973,198120
974,64460
975,194741
976,67196
977,345494
978,354129
979,218093
980,17924
981,25452
982,209607
983,126306
984,199541
985,364268
986,272230
987,101463
988,156104
989,34198
990,116599
991,169798
992,207993
993,178838
994,231405
995,85427
996,39446
997,172957
998,219365
999,245838
1000,366257
1001,108785
1002,55033
1003,336727
1004,173010
1005,56564
1006,117749
1007,131989
1008,239142
1009,101856
1010,158518
1011,268692
1012,336375
1013,197104
1014,259618
1015,354022
1016,17612
1017,84127
1018,163586
1019,31839
1020,199716
1021,367486
1022,95943
1023,122100
1024,327597
1025,198839
1026,187587
1027,250017
1028,325729
1029,335284
1030,334519
1031,275238
1032,155653
1033,141453
1034,123903
1035,250434
1036,217226
1037,123628
1038,336795
1039,79670
1040,342529
1041,238287
1042,235964
1043,20331
1044,329987
1045,96182
1046,78395
1047,367334
1048,201972
1049,94986
1050,260190
1051,352921
1052,102569
1053,241144
1054,245366
1055,369398
1056,329549
1057,1050
1058,40623
1059,364274
1060,328274
1061,60809
1062,349188
1063,165287
1064,257830
1065,365870
1066,37873
1067,18743
1068,198807
1069,118855
1070,194527
1071,194850
1072,139054
1073,131624
1074,78003
1075,117552
1076,366140
1077,366471
1078,126978
1079,193032
1080,118623
1081,184226
1082,82026
1083,164488
1084,57187
1085,74477
1086,83066
1087,215194
1088,116602
1089,44698
1090,234245
1091,147769
1092,350250
1093,332324
1094,20814
1095,93959
1096,342972
1097,32734
1098,326646
1099,192170
1100,275811
1101,84391
1102,336766
1103,36291
1104,126300
1105,328098
1106,167361
1107,96179
1108,177779
1109,263568
1110,244504
1111,167362
1112,181618
1113,94382
1114,18786
1115,173408
1116,365700
1117,193822
1118,48290
1119,243355
1120,47236
1121,155795
1122,192365
1123,240377
1124,244016
1125,84645
1126,63326
1127,65999
1128,234737
1129,369320
1130,161691
1131,42385
1132,267135
1133,128899
1134,179152
1135,116769
1136,37565
1137,211818
1138,125295
1139,271090
1140,151470
1141,54901
1142,268674
1143,72620
1144,83062
1145,201640
1146,80733
1147,144272
1148,262224
1149,233150
1150,52198
1151,126997
1152,169561
1153,245774
1154,362935
1155,170599
1156,331329
1157,342413
1158,44225
1159,199397
1160,187670
1161,94288
1162,65622
1163,344710
1164,25460
1165,338144
1166,167609
1167,87461
1168,263969
1169,168583
1170,328709
1171,210732
1172,368263
1173,117472
1174,351867
1175,126752
1176,111379
1177,277495
1178,85452
1179,123657
1180,245428
1181,83638
1182,169542
1183,350992
1184,219304
1185,335296
1186,213543
1187,209216
1188,268055
1189,121101
1190,336845
1191,333202
1192,219452
1193,232279
1194,17925
1195,217173
1196,181232
1197,322063
1198,32981
1199,102689
1200,52116
1201,22096
1202,14336
1203,344497
1204,155720
1205,157487
1206,336270
1207,98832
1208,138084
1209,192693
1210,56749
1211,239098
1212,52379
1213,197959
1214,328551
1215,122018
1216,147766
1217,124168
1218,268578
1219,85725
1220,157894
1221,48987
1222,119536
1223,44080
1224,157709
1225,46068
1226,319154
1227,151457
1228,160831
1229,58576
1230,114286
1231,325450
1232,134957
1233,220951
1234,102700
1235,108740
1236,320077
1237,168033
1238,132723
1239,87248
1240,123444
1241,36928
1242,361053
1243,123614
1244,52790
1245,369409
1246,125653
1247,20726
1248,76434
1249,126513
1250,93327
1251,216433
1252,50346
1253,257665
1254,324547
1255,260731
1256,122254
1257,365882
1258,327626
1259,127586
1260,366352
1261,365675
1262,56311
1263,68380
1264,141783
1265,84958
1266,89979
1267,149361
1268,348773
1269,197206
1270,365877
1271,271638
1272,157677
1273,100791
1274,265042
1275,268679
1276,204515
1277,150240
1278,237280
1279,144993
1280,342823
1281,117272
1282,48995
1283,366575
1284,125728
1285,126987
1286,173897
1287,257651
1288,342604
1289,270994
1290,190461
1291,219568
1292,46304
1293,38391
1294,323664
1295,49811
1296,179347
1297,354131
1298,366164
1299,238543
1300,134068
1301,100261
1302,95033
1303,164897
1304,37548
1305,257643
1306,147328
1307,233271
1308,80385
1309,94399
1310,86196
1311,325436
1312,277154
1313,338106
1314,69394
1315,87526
1316,87249
1317,328610
1318,108269
1319,196254
1320,76907
1321,117405
1322,212422
1323,315898
1324,253117
1325,170401
1326,88422
1327,209610
1328,191747
1329,199798
1330,344684
1331,366136
1332,196398
1333,95960
1334,194848
1335,74481
1336,86205
1337,217863
1338,364694
1339,62333
1340,198993
1341,362821
1342,70250
1343,343780
1344,259657
1345,155392
1346,172598
1347,118208
1348,30789
1349,191296
1350,221358
1351,136432
1352,30162
1353,70803
1354,155192
1355,109314
1356,160015
1357,117226
1358,351414
1359,339493
1360,212687
1361,259168
1362,240
1363,145185
1364,167522
1365,35121
1366,341208
1367,35794
1368,138246
1369,365891
1370,126921
1371,132341
1372,27816
1373,360729
1374,31253
1375,194739
1376,58332
1377,64401
1378,327092
1379,49804
1380,193589
1381,362825
1382,327674
1383,17533
1384,94836
1385,146771
1386,73029
1387,215411
1388,327147
1389,86770
1390,212202
1391,266318
1392,68488
1393,95404
1394,126538
1395,187908
1396,102844
1397,367832
1398,123454
1399,144068
1400,321895
1401,118936
1402,331414
1403,84751
1404,73585
1405,47209
1406,344909
1407,167104
1408,273330
1409,167426
1410,194905
1411,209299
1412,238205
1413,185754
1414,269211
1415,273178
1416,197437
1417,176109
1418,126911
1419,347926
1420,122000
1421,83788
1422,155779
1423,32188
1424,188376
1425,42194
1426,88743
1427,68498
1428,16212
1429,54170
1430,166383
1431,346259
1432,205966
1433,119708
1434,58179
1435,163426
1436,54276
1437,3498
1438,199690
1439,105232
1440,119808
1441,165829
1442,21759
1443,20787
1444,101871
1445,160972
1446,113604
1447,90012
1448,277466
1449,54272
1450,267274
1451,141459
1452,345681
1453,327103
1454,368513
1455,46704
1456,345570
1457,368259
1458,97658
1459,6895
1460,130587
1461,267219
1462,244230
1463,215154
1464,39322
1465,135104
1466,335051
1467,70083
1468,353304
1469,171463
1470,208656
1471,235184
1472,187113
1473,96724
1474,151702
1475,111898
1476,125153
1477,248231
1478,255547
1479,272050
1480,77373
1481,34157
1482,20190
1483,327660
1484,344726
1485,154942
1486,338190
1487,316921
1488,346091
1489,217422
1490,36759
1491,61073
1492,104610
1493,217918
1494,178019
1495,39987
1496,323043
1497,185439
1498,274895
1499,43693
1500,340904
1501,334909
1502,182603
1503,364981
1504,67147
1505,39888
1506,241589
1507,184076
1508,273430
1509,168453
1510,272168
1511,202988
1512,54920
1513,344756
1514,342109
1515,75707
1516,126982
1517,261290
1518,167109
1519,170381
1520,159732
1521,351599
1522,123449
1523,323478
1524,148037
1525,321117
1526,171095
1527,338041
1528,217521
1529,108784
1530,135442
1531,148924
1532,126505
1533,70097
1534,234554
1535,351485
1536,184808
1537,242494
1538,338116
1539,146359
1540,164043
1541,77789
1542,164721
1543,242921
1544,50422
1545,253317
1546,181400
1547,22595
1548,138121
1549,264124
1550,148288
1551,191454
1552,101466
1553,7717
1554,234400
1555,127885
1556,137957
1557,117223
1558,244416
1559,84627
1560,21989
1561,119540
1562,31155
1563,238303
1564,219247
1565,72534
1566,220848
1567,254078
1568,171510
1569,347620
1570,350959
1571,325742
1572,349856
1573,124170
1574,336174
1575,127947
1576,105012
1577,78239
1578,323633
1579,78522
1580,137023
1581,141122
1582,205958
1583,131367
1584,172512
1585,11505
1586,243582
1587,316666
1588,118203
1589,127012
1590,106848
1591,185453
1592,89983
1593,91750
1594,112355
1595,341854
1596,329547
1597,181265
1598,250770
1599,182872
1600,164157
1601,146321
1602,164057
1603,98155
1604,143979
1605,94719
1606,83670
1607,73557
1608,250043
1609,187832
1610,144830
1611,188218
1612,269707
1613,51152
1614,235774
1615,159989
1616,19375
1617,365621
1618,328138
1619,71829
1620,84459
1621,367488
1622,129327
1623,337791
1624,32882
1625,74907
1626,125253
1627,339186
1628,569
1629,126965
1630,65994
1631,49087
1632,86198
1633,78533
1634,86742
1635,85244
1636,94290
1637,350511
1638,104633
1639,212761
1640,241932
1641,234317
1642,244702
1643,327011
1644,54751
1645,94930
1646,244365
1647,324369
1648,91260
1649,168306
1650,86767
1651,183181
1652,70218
1653,202710
1654,16361
1655,15541
1656,64398
1657,274772
1658,24205
1659,235719
1660,164939
1661,70953
1662,235769
1663,42540
1664,37561
1665,72897
1666,95533
1667,167302
1668,251552
1669,95691
1670,337446
1671,172491
1672,349403
1673,104936
1674,123659
1675,165753
1676,109376
1677,15598
1678,259973
1679,50051
1680,168455
1681,120365
1682,64369
1683,161584
1684,170481
1685,107361
1686,354125
1687,197201
1688,215963
1689,58839
1690,352576
1691,191657
1692,264311
1693,361776
1694,95405
1695,126869
1696,181247
1697,160459
1698,121968
1699,274768
1700,170799
1701,257644
1702,83061
1703,144116
1704,263570
1705,58271
1706,244712
1707,177254
1708,337638
1709,237314
1710,207148
1711,125296
1712,48160
1713,192176
1714,142903
1715,369231
1716,251388
1717,82439
1718,118163
1719,353307
1720,179592
1721,335268
1722,220845
1723,86982
1724,203072
1725,81789
1726,329741
1727,217714
1728,160685
1729,154769
1730,271462
1731,5925
1732,117126
1733,330272
1734,121329
1735,329615
1736,125173
1737,165126
1738,125781
1739,345927
1740,49803
1741,272176
1742,49492
1743,102563
1744,194503
1745,360638
1746,335003
1747,191538
1748,34721
1749,271145
1750,181629
1751,140767
1752,75004
1753,170643
1754,71955
1755,78236
1756,94927
1757,123709
1758,257664
1759,177140
1760,165288
1761,87246
1762,196155
1763,203287
1764,39012
1765,120177
1766,220421
1767,338235
1768,122253
1769,367837
1770,365875
1771,34305
1772,261134
1773,324802
1774,185448
1775,209611
1776,237401
1777,80553
1778,210582
1779,215943
1780,362406
1781,34256
1782,43449
1783,264605
1784,219463
1785,321199
1786,200306
1787,240385
1788,53689
1789,344223
1790,140393
1791,249573
1792,366350
1793,156890
1794,55385
1795,367337
1796,201169
1797,90917
1798,18770
1799,158189
1800,117267
1801,107345
1802,57939
1803,87541
1804,76677
1805,146292
1806,209049
1807,344954
1808,112291
1809,168806
1810,119938
1811,186521
1812,277164
1813,58485
1814,169604
1815,339833
1816,265430
1817,277297
1818,173311
1819,260721
1820,326969
1821,62857
1822,350998
1823,366242
1824,267311
1825,103132
1826,325630
1827,29939
1828,86170
1829,352723
1830,333201
1831,125540
1832,126935
1833,362066
1834,260853
1835,233113
1836,140155
1837,341809
1838,121963
1839,222607
1840,81729
1841,76448
1842,170151
1843,321187
1844,198858
1845,168107
1846,127006
1847,169275
1848,133789
1849,81272
1850,12703
1851,105027
1852,163404
1853,151458
1854,366333
1855,320896
1856,262609
1857,123084
1858,172544
1859,95113
1860,321260
1861,321441
1862,256547
1863,90087
1864,126963
1865,341598
1866,99590
1867,147251
1868,242581
1869,326938
1870,188868
1871,169101
1872,38640
1873,367237
1874,145046
1875,217491
1876,203523
1877,76208
1878,33364
1879,76569
1880,369351
1881,77008
1882,241709
1883,333603
1884,88568
1885,147514
1886,202039
1887,238231
1888,154388
1889,141583
1890,262187
1891,90873
1892,244931
1893,178686
1894,361801
1895,164799
1896,360627
1897,110136
1898,128250
1899,23832
1900,202894
1901,159932
1902,343352
1903,188371
1904,365041
1905,367586
1906,95818
1907,102113
1908,254370
1909,154633
1910,188200
1911,57608
1912,353051
1913,63841
1914,355323
1915,98185
1916,345653
1917,34621
1918,154645
1919,170308
1920,54514
1921,237843
1922,368483
1923,366912
1924,361460
1925,238965
1926,365160
1927,261401
1928,184659
1929,67884
1930,135779
1931,85445
1932,250014
1933,366379
1934,130076
1935,320784
1936,195434
1937,147844
1938,37756
1939,90000
1940,13648
1941,173013
1942,122747
1943,367816
1944,118856
1945,326181
1946,351946
1947,7545
1948,126754
1949,169129
1950,321647
1951,138014
1952,214860
1953,51802
1954,110928
1955,31493
1956,96699
1957,174305
1958,173133
1959,338970
1960,84946
1961,72028
1962,83303
1963,187616
1964,218317
1965,52788
1966,178333
1967,361157
1968,165010
1969,17581
1970,238650
1971,108452
1972,100260
1973,71954
1974,159748
1975,262895
1976,189623
1977,66421
1978,319220
1979,181346
1980,319384
1981,209297
1982,192350
1983,180529
1984,332842
1985,269480
1986,223295
1987,339324
1988,126975
1989,144162
1990,161231
1991,193913
1992,31496
1993,7152
1994,233795
1995,340325
1996,43482
1997,178069
1998,268878
1999,336787
2000,124975
2001,273344
2002,112150
2003,366670
2004,341315
2005,179156
2006,80554
2007,190003
2008,233274
2009,342980
2010,92021
2011,325573
2012,318107
2013,274833
2014,335596
2015,236930
2016,102615
2017,114440
2018,249923
2019,57747
2020,274490
2021,85687
2022,349442
2023,327093
2024,223901
2025,369642
2026,18308
2027,18806
2028,85430
2029,147685
2030,263111
2031,94292
2032,106735
2033,20530
2034,88423
2035,77465
2036,151452
2037,62324
2038,328194
2039,66749
2040,207445
2041,125930
2042,93333
2043,112551
2044,120343
2045,56133
2046,167235
2047,208604
2048,150491
2049,329019
2050,321118
2051,23030
2052,220219
2053,126576
2054,98267
2055,126970
2056,46744
2057,180050
2058,114495
2059,1055
2060,185513
2061,233446
2062,185221
2063,34716
2064,19881
2065,118041
2066,95243
2067,30792
2068,160366
2069,123125
2070,55036
2071,236786
2072,60485
2073,74507
2074,135490
2075,94636
2076,112760
2077,7173
2078,65916
2079,252905
2080,352932
2081,30791
2082,246013
2083,161321
2084,365717
2085,17111
2086,219482
2087,83281
2088,119499
2089,117620
2090,157741
2091,25903
2092,18349
2093,173893
2094,199510
2095,365933
2096,17109
2097,52856
2098,120907
2099,95891
2100,340911
2101,347784
2102,212179
2103,186745
2104,368500
2105,259633
2106,126922
2107,109941
2108,123650
2109,317023
2110,324251
2111,32887
2112,7133
2113,366010
2114,254944
2115,325164
2116,183499
2117,273550
2118,333199
2119,34328
2120,135441
2121,195995
2122,220856
2123,46192
2124,157740
2125,349921
2126,32993
2127,145719
2128,167570
2129,23454
2130,354119
2131,45356
2132,127269
2133,184213
2134,26794
2135,342645
2136,170013
2137,195829
2138,112759
2139,176021
2140,163696
2141,132839
2142,73418
2143,176161
2144,35025
2145,327464
2146,320912
2147,58275
2148,144424
2149,101507
2150,223682
2151,52444
2152,34121
2153,334639
2154,244999
2155,263626
2156,173008
2157,322579
2158,269019
2159,249735
2160,122015
2161,228940
2162,81192
2163,347905
2164,367329
2165,321176
2166,98739
2167,177415
2168,264774
2169,57102
2170,126442
2171,162768
2172,172350
2173,119873
2174,75949
2175,190138
2176,367331
2177,187858
2178,27166
2179,163690
2180,240332
2181,327935
2182,242396
2183,26966
2184,48161
2185,49607
2186,78808
2187,333179
2188,125949
2189,235189
2190,330603
2191,360728
2192,38487
2193,322855
2194,46806
2195,215334
2196,55723
2197,33398
2198,148461
2199,265278
2200,13552
2201,84762
2202,38641
2203,95403
2204,75302
2205,265583
2206,240251
2207,251986
2208,201584
2209,126910
2210,336602
2211,362827
2212,98640
2213,28646
2214,120127
2215,34009
2216,81261
2217,127113
2218,213857
2219,264482
2220,212943
2221,15392
2222,81788
2223,116221
2224,199127
2225,85871
2226,235531
2227,73274
2228,198237
2229,96957
2230,210588
2231,198944
2232,277714
2233,52791
2234,80603
2235,139981
2236,39847
2237,39857
2238,351966
2239,74478
2240,126964
2241,241878
2242,337447
2243,32262
2244,144351
2245,240235
2246,240078
2247,329113
2248,274747
2249,277453
2250,134909
2251,165181
2252,366126
2253,65430
2254,325216
2255,267717
2256,103297
2257,77369
2258,265633
2259,192660
2260,76078
2261,56634
2262,71486
2263,166028
2264,66350
2265,68377
2266,117610
2267,345298
2268,153132
2269,42386
2270,128542
2271,137289
2272,55251
2273,126440
2274,212994
2275,34390
2276,119551
2277,324978
2278,62659
2279,31835
2280,90759
2281,164621
2282,204773
2283,98639
2284,130434
2285,56382
2286,264378
2287,36096
2288,349444
2289,108672
2290,337101
2291,335963
2292,212697
2293,143925
2294,112982
2295,342417
2296,163264
2297,114456
2298,162127
2299,49523
2300,186522
2301,217176
2302,334520
2303,156963
2304,83605
2305,146268
2306,242083
2307,43760
2308,265619
2309,92746
2310,85224
2311,253606
2312,199542
2313,164744
2314,162356
2315,336268
2316,984
2317,160444
2318,188935
2319,338252
2320,188912
2321,138397
2322,187615
2323,165529
2324,201106
2325,368419
2326,346260
2327,321424
2328,187993
2329,22806
2330,172317
2331,189999
2332,366014
2333,168456
2334,131936
2335,149743
2336,76265
2337,144045
2338,325114
2339,152704
2340,147933
2341,198978
2342,35384
2343,39927
2344,76567
2345,363110
2346,170014
2347,166310
2348,56631
2349,21851
2350,75200
2351,54902
2352,367350
2353,187610
2354,76827
2355,181250
2356,74847
2357,119827
2358,93656
2359,345571
2360,23640
2361,3182
2362,235899
2363,57592
2364,326162
2365,351139
2366,26209
2367,217227
2368,365989
2369,20735
2370,197929
2371,352308
2372,15559
2373,14794
2374,254857
2375,149784
2376,17876
2377,79886
2378,40173
2379,158525
2380,95841
2381,238396
2382,27868
2383,194738
2384,138344
2385,22863
2386,3184
2387,234080
2388,260818
2389,19331
2390,34654
2391,125928
2392,108270
2393,108030
2394,329581
2395,168122
2396,148818
2397,223960
2398,259924
2399,321443
2400,184341
2401,125251
2402,150181
2403,153552
2404,155265
2405,54748
2406,78534
2407,116222
2408,348292
2409,154672
2410,195993
2411,342450
2412,216004
2413,142929
2414,143972
2415,65923
2416,83532
2417,142005
2418,173519
2419,351236
2420,196273
2421,84469
2422,85165
2423,184212
2424,366516
2425,148318
2426,328048
2427,27164
2428,345085
2429,69006
2430,80711
2431,29946
2432,245812
2433,361423
2434,85362
2435,240233
2436,104913
2437,57586
2438,71712
2439,127140
2440,110459
2441,176750
2442,270349
2443,50901
2444,126929
2445,132564
2446,362902
2447,234936
2448,90755
2449,173103
2450,346588
2451,169982
2452,338859
2453,327847
2454,317657
2455,353073
2456,85451
2457,127823
2458,266509
2459,198861
2460,126886
2461,52300
2462,21064
2463,210590
2464,195371
2465,61497
2466,76202
2467,260727
2468,52405
2469,176018
2470,201031
2471,150183
2472,162683
2473,129427
2474,366691
2475,62538
2476,84128
2477,17355
2478,126753
2479,86729
2480,244382
2481,70897
2482,121998
2483,87780
2484,334646
2485,115409
2486,100741
2487,198324
2488,85442
2489,261473
2490,367817
2491,369629
2492,193608
2493,162008
2494,337790
2495,273222
2496,194578
2497,213907
2498,67135
2499,163607
2500,7636
2501,365495
2502,57186
2503,274118
2504,93074
2505,142336
2506,182686
2507,151663
2508,347396
2509,58558
2510,123640
2511,132078
2512,59054
2513,40624
2514,158576
2515,251657
2516,101508
2517,28662
2518,345493
2519,22625
2520,85876
2521,90763
2522,64963
2523,209241
2524,335049
2525,346650
2526,76679
2527,162317
2528,58554
2529,190647
2530,161002
2531,344274
2532,117136
2533,58340
2534,367983
2535,25030
2536,182892
2537,15395
2538,351425
2539,110746
2540,319158
2541,163437
2542,195584
2543,274832
2544,368515
2545,54826
2546,178020
2547,169947
2548,69870
2549,277166
2550,190625
2551,236946
2552,20129
2553,190004
2554,55177
2555,92821
2556,341606
2557,209439
2558,17476
2559,240742
2560,107611
2561,130479
2562,78575
2563,170254
2564,264113
2565,170563
2566,128621
2567,94931
2568,96918
2569,69237
2570,162156
2571,7140
2572,154382
2573,197213
2574,204486
2575,342652
2576,193975
2577,252869
2578,147776
2579,325564
2580,166427
2581,180665
2582,335184
2583,57594
2584,25522
2585,124129
2586,99160
2587,97917
2588,71974
2589,220642
2590,366693
2591,141560
2592,33247
2593,195437
2594,243730
2595,351898
2596,164797
2597,360340
2598,237324
2599,319152
2600,333136
2601,176751
2602,325890
2603,272147
2604,213855
2605,335483
2606,28447
2607,77366
2608,346034
2609,59061
2610,169253
2611,182436
2612,208101
2613,238775
2614,76576
2615,110394
2616,223045
2617,137748
2618,336782
2619,333924
2620,89613
2621,33870
2622,264470
2623,49776
2624,27815
2625,365411
2626,157369
2627,15899
2628,186341
2629,344984
2630,94376
2631,325129
2632,331511
2633,32076
2634,219233
2635,78532
2636,94146
2637,345745
2638,137961
2639,13775
2640,84939
2641,335187
2642,198856
2643,294452
2644,33376
2645,337099
2646,31184
2647,223048
2648,369242
2649,136417
2650,248230
2651,200274
2652,244602
2653,186334
2654,79546
2655,51172
2656,28138
2657,258212
2658,95027
2659,251481
2660,167365
2661,337095
2662,65929
2663,164279
2664,243883
2665,174644
2666,353180
2667,23242
2668,353641
2669,52060
2670,89960
2671,238711
2672,370172
2673,326068
2674,118788
2675,156128
2676,344380
2677,58375
2678,330956
2679,87065
2680,231922
2681,126466
2682,272080
2683,66723
2684,223100
2685,359124
2686,197118
2687,110625
2688,362057
2689,73524
2690,215741
2691,198768
2692,243438
2693,72038
2694,218321
2695,110858
2696,335709
2697,344932
2698,130473
2699,325115
2700,121966
2701,274765
2702,360883
2703,248233
2704,32324
2705,48492
2706,329851
2707,233346
2708,188150
2709,28809
2710,294449
2711,340304
2712,14347
2713,120807
2714,69307
2715,231916
2716,100802
2717,117044
2718,50210
2719,177250
2720,106134
2721,366830
2722,69004
2723,360341
2724,325607
2725,275748
2726,84629
2727,248234
2728,347045
2729,17752
2730,173446
2731,240818
2732,94310
2733,41306
2734,352960
2735,349200
2736,93982
2737,353195
2738,70932
2739,96509
2740,325765
2741,58201
2742,118060
2743,58268
2744,61680
2745,280218
2746,338297
2747,31827
2748,321126
2749,203025
2750,155262
2751,76580
2752,341602
2753,71171
2754,337684
2755,259643
2756,131586
2757,123115
2758,157242
2759,202922
2760,59870
2761,71909
2762,173105
2763,75006
2764,242151
2765,83188
2766,335710
2767,344920
2768,278176
2769,122252
2770,160127
2771,57188
2772,70304
2773,162662
2774,22811
2775,127606
2776,26239
2777,273140
2778,345998
2779,150177
2780,241005
2781,28131
2782,95079
2783,72039
2784,321864
2785,261340
2786,266427
2787,100010
2788,352510
2789,19249
2790,119437
2791,52369
2792,69007
2793,126959
2794,130603
2795,232440
2796,245801
2797,48045
2798,126523
2799,27973
2800,195830
2801,174893
2802,263485
2803,73240
2804,325096
2805,366448
2806,244506
2807,231933
2808,336838
2809,68631
2810,216108
2811,334956
2812,323636
2813,360292
2814,118789
2815,102731
2816,120383
2817,26786
2818,58267
2819,233267
2820,215965
2821,92974
2822,69241
2823,345017
2824,261985
2825,175141
2826,257982
2827,271532
2828,203955
2829,34584
2830,81464
2831,151598
2832,353623
2833,108288
2834,329717
2835,34180
2836,144551
2837,117630
2838,220419
2839,66740
2840,161188
2841,120777
2842,91113
2843,246519
2844,215178
2845,171377
2846,48998
2847,186330
2848,39418
2849,239939
2850,76676
2851,142009
2852,241420
2853,233447
2854,32838
2855,69212
2856,342461
2857,76096
2858,95568
2859,125737
2860,75002
2861,342648
2862,173445
2863,195453
2864,326235
2865,266522
2866,94373
2867,330273
2868,85872
2869,158582
2870,201633
2871,244767
2872,63840
2873,164733
2874,102688
2875,237334
2876,338261
2877,105269
2878,126983
2879,126568
2880,271472
2881,333170
2882,74969
2883,268007
2884,162572
2885,181362
2886,267193
2887,241989
2888,126992
2889,142006
2890,28339
2891,147329
2892,96967
2893,271332
2894,349495
2895,166203
2896,130755
2897,244328
2898,352854
2899,159613
2900,273161
2901,193767
2902,277155
2903,182837
2904,94832
2905,110623
2906,72674
2907,252207
2908,188187
2909,80313
2910,80688
2911,219516
2912,38013
2913,254017
2914,76724
2915,366995
2916,243471
2917,153510
2918,81880
2919,336339
2920,344807
2921,39926
2922,343748
2923,130054
2924,66787
2925,360843
2926,320006
2927,98824
2928,170016
2929,139328
2930,110462
2931,187507
2932,74976
2933,98830
2934,361571
2935,347010
2936,85576
2937,217663
2938,126739
2939,321183
2940,362956
2941,127801
2942,52156
2943,266346
2944,70761
2945,7126
2946,129793
2947,361429
2948,240331
2949,190695
2950,126913
2951,29984
2952,81720
2953,215981
2954,120803
2955,72211
2956,46732
2957,122585
2958,168466
2959,201289
2960,366514
2961,120328
2962,339975
2963,170286
2964,220508
2965,328047
2966,179360
2967,97121
2968,164370
2969,74358
2970,353300
2971,338724
2972,65747
2973,34949
2974,74972
2975,157921
2976,148923
2977,125943
2978,243386
2979,74979
2980,26188
2981,277366
2982,223105
2983,178835
2984,316979
2985,252801
2986,341325
2987,255227
2988,321185
2989,378
2990,368485
2991,208040
2992,28694
2993,240252
2994,188435
2995,44406
2996,267512
2997,120217
2998,202619
2999,77401
3000,117611
3001,201593
3002,202050
3003,349863
3004,366194
3005,338299
3006,161703
3007,186637
3008,369697
3009,76734
3010,325201
3011,95029
3012,156153
3013,171448
3014,250773
3015,219298
3016,84953
3017,8141
3018,349056
3019,342404
3020,93991
3021,85977
3022,362959
3023,339873
3024,63263
3025,237045
3026,149976
3027,266944
3028,118859
3029,84696
3030,192095
3031,271012
3032,84930
3033,126881
3034,327071
3035,173991
3036,111102
3037,166061
3038,104762
3039,342418
3040,365857
3041,126737
3042,364229
3043,120738
3044,366265
3045,195888
3046,108239
3047,294450
3048,64371
3049,203727
3050,164119
3051,71688
3052,151269
3053,197568
3054,362949
3055,323468
3056,327600
3057,241359
3058,275347
3059,126967
3060,75501
3061,79276
3062,325159
3063,254077
3064,95858
3065,103374
3066,151635
3067,273162
3068,126437
3069,155307
3070,42835
3071,274766
3072,88443
3073,150194
3074,331628
3075,222509
3076,335293
3077,324892
3078,164741
3079,25023
3080,31267
3081,101465
3082,181615
3083,136978
3084,330764
3085,344573
3086,1179
3087,209914
3088,274831
3089,43459
3090,250174
3091,32488
3092,232668
3093,71173
3094,125939
3095,265569
3096,64444
3097,186046
3098,126904
3099,69583
3100,65629
3101,48983
3102,82427
3103,210786
3104,39973
3105,174758
3106,195451
3107,92744
3108,325233
3109,211671
3110,144089
3111,40561
3112,259613
3113,100301
3114,72261
3115,365703
3116,352853
3117,366288
3118,26400
3119,244808
3120,181286
3121,75011
3122,124698
3123,223733
3124,245643
3125,75723
3126,98112
3127,74980
3128,172921
3129,198941
3130,269001
3131,34193
3132,103114
3133,158589
3134,220280
3135,28081
3136,362809
3137,203730
3138,50668
3139,365686
3140,326968
3141,174761
3142,111669
3143,117553
3144,159489
3145,326269
3146,365176
3147,52306
3148,251428
3149,118219
3150,325956
3151,365867
3152,173026
3153,99233
3154,353570
3155,71898
3156,80558
3157,233280
3158,223250
3159,317824
3160,288
3161,232427
3162,5929
3163,220853
3164,73282
3165,261505
3166,201219
3167,217220
3168,186329
3169,365864
3170,366291
3171,209609
3172,89085
3173,345663
3174,188234
3175,353410
3176,157947
3177,180734
3178,139102
3179,318938
3180,343045
3181,188193
3182,271662
3183,369416
3184,94795
3185,366945
3186,335056
3187,141378
3188,123446
3189,17301
3190,113149
3191,75190
3192,147349
3193,320227
3194,343453
3195,42388
3196,333422
3197,49092
3198,244101
3199,93803
3200,235251
3201,369482
3202,238079
3203,366110
3204,125157
3205,36927
3206,71162
3207,69631
3208,117558
3209,85237
3210,262379
3211,56517
3212,367343
3213,102690
3214,195440
3215,326973
3216,172873
3217,54828
3218,165568
3219,49639
3220,81484
3221,260729
3222,99159
3223,254127
3224,73370
3225,345296
3226,105087
3227,195368
3228,325208
3229,271473
3230,330553
3231,164811
3232,219302
3233,61845
3234,161876
3235,346921
3236,90847
3237,3186
3238,321208
3239,70306
3240,132831
3241,51170
3242,62530
3243,150443
3244,26265
3245,138002
3246,217662
3247,347615
3248,124691
3249,237335
3250,120805
3251,118207
3252,154950
3253,126358
3254,58266
3255,114287
3256,35038
3257,71946
3258,220786
3259,149762
3260,240317
3261,209337
3262,137879
3263,18497
3264,124780
3265,338117
3266,366145
3267,357901
3268,18037
3269,366160
3270,331076
3271,318562
3272,38282
3273,65743
3274,215447
3275,181361
3276,57593
3277,127030
3278,164778
3279,205589
3280,169858
3281,80557
3282,250037
3283,107845
3284,353060
3285,58150
3286,167100
3287,101804
3288,365028
3289,203246
3290,62656
3291,108404
3292,339732
3293,329115
3294,198832
3295,222887
3296,211607
3297,48413
3298,46938
3299,67802
3300,260131
3301,195891
3302,202764
3303,93331
3304,365866
3305,75249
3306,107223
3307,167645
3308,181929
3309,198962
3310,75719
3311,158575
3312,325978
3313,70808
3314,189710
3315,37225
3316,179110
3317,263615
3318,72936
3319,219591
3320,237022
3321,350463
3322,223761
3323,137010
3324,51676
3325,316688
3326,150111
3327,194704
3328,130049
3329,159476
3330,149969
3331,207970
3332,337096
3333,76998
3334,348781
3335,82468
3336,86206
3337,195518
3338,262904
3339,76206
3340,53973
3341,110144
3342,234448
3343,95824
3344,255579
3345,147280
3346,365694
3347,84646
3348,165198
3349,323667
3350,57756
3351,57065
3352,30476
3353,259624
3354,335260
3355,326180
3356,365858
3357,327026
3358,175144
3359,335458
3360,71953
3361,76220
3362,342932
3363,144065
3364,345331
3365,89084
3366,140245
3367,184236
3368,350623
3369,264454
3370,123603
3371,42389
3372,64641
3373,126755
3374,154655
3375,336634
3376,117262
3377,271092
3378,53758
3379,342733
3380,59236
3381,268599
3382,164009
3383,149972
3384,102565
3385,32319
3386,258255
3387,194454
3388,100847
3389,161173
3390,320145
3391,259720
3392,325260
3393,158737
3394,345096
3395,153112
3396,144073
3397,316664
3398,268859
3399,57757
3400,58938
3401,151869
3402,60460
3403,208998
3404,3970
3405,68613
3406,43713
3407,242925
3408,181813
3409,195000
3410,120149
3411,157382
3412,118324
3413,353369
3414,19323
3415,164120
3416,208770
3417,130050
3418,185460
3419,336267
3420,133494
3421,241681
3422,190997
3423,33312
3424,363007
3425,143304
3426,108402
3427,171472
3428,258191
3429,267105
3430,98221
3431,325592
3432,201980
3433,329805
3434,51805
3435,263640
3436,240829
3437,166070
3438,368693
3439,352906
3440,121814
3441,231656
3442,329849
3443,134880
3444,159491
3445,321192
3446,95850
3447,86190
3448,367336
3449,237050
3450,91506
3451,56617
3452,241025
3453,126741
3454,26221
3455,341961
3456,343693
3457,223528
3458,176617
3459,159473
3460,18309
3461,119890
3462,345993
3463,345718
3464,198294
3465,332116
3466,172364
3467,187860
3468,152509
3469,326909
3470,154949
3471,90348
3472,87398
3473,161406
3474,368747
3475,357899
3476,16955
3477,235552
3478,188500
3479,349405
3480,205651
3481,52194
3482,177039
3483,3971
3484,369421
3485,17092
3486,245889
3487,150136
3488,148629
3489,338971
3490,174757
3491,209394
3492,192694
3493,157577
3494,126751
3495,339353
3496,320477
3497,140346
3498,91226
3499,366876
3500,327842
3501,192099
3502,134778
3503,66239
3504,3202
3505,36996
3506,22877
3507,132168
3508,326070
3509,125867
3510,138133
3511,182599
3512,80314
3513,34349
3514,325877
3515,102456
3516,81046
3517,204834
3518,235715
3519,73257
3520,174070
3521,34653
3522,316684
3523,156372
3524,266438
3525,58334
3526,341059
3527,148175
3528,98834
3529,74836
3530,72969
3531,145397
3532,107225
3533,352050
3534,56910
3535,264583
3536,319197
3537,26472
3538,201982
3539,264455
3540,238898
3541,323640
3542,365763
3543,178931
3544,192353
3545,223891
3546,178116
3547,259719
3548,339350
3549,164623
3550,272225
3551,261244
3552,59901
3553,123906
3554,366260
3555,323121
3556,222690
3557,108696
3558,124173
3559,191373
3560,140394
3561,239924
3562,367532
3563,259646
3564,223046
3565,259655
3566,24255
3567,331412
3568,369430
3569,264409
3570,125545
3571,344204
3572,240542
3573,138191
3574,271144
3575,90736
3576,184205
3577,241374
3578,191505
3579,84240
3580,88766
3581,161192
3582,155515
3583,7788
3584,184217
3585,197023
3586,86181
3587,205636
3588,327016
3589,165058
3590,111668
3591,55585
3592,123712
3593,369689
3594,352886
3595,320547
3596,79277
3597,239951
3598,91751
3599,138252
3600,83071
3601,64923
3602,269365
3603,175243
3604,365874
3605,58265
3606,95035
3607,327673
3608,32869
3609,260101
3610,118042
3611,144829
3612,171320
3613,238628
3614,140331
3615,97899
3616,145392
3617,269347
3618,245115
3619,139953
3620,334645
3621,184720
3622,126973
3623,104599
3624,218412
3625,188188
3626,355055
3627,98338
3628,336797
3629,324780
3630,366638
3631,99967
3632,28165
3633,325615
3634,154640
3635,324777
3636,365326
3637,202898
3638,101471
3639,273214
3640,341280
3641,169470
3642,335534
3643,91286
3644,58157
3645,51490
3646,326946
3647,361302
3648,257746
3649,237311
3650,117258
3651,327087
3652,56365
3653,137019
3654,262604
3655,87468
3656,84910
3657,202409
3658,366495
3659,188186
3660,202004
3661,159486
3662,563
3663,353101
3664,334056
3665,18766
3666,217182
3667,71885
3668,368256
3669,234456
3670,19304
3671,85461
3672,170247
3673,325748
3674,251569
3675,155289
3676,31962
3677,115912
3678,174237
3679,102046
3680,326752
3681,256135
3682,270559
3683,67247
3684,150848
3685,367487
3686,185802
3687,115412
3688,328058
3689,258239
3690,124976
3691,137692
3692,341111
3693,98869
3694,366289
3695,6109
3696,125309
3697,125785
3698,217899
3699,52838
3700,144058
3701,31887
3702,188199
3703,159490
3704,32199
3705,344937
3706,86175
3707,93565
3708,34174
3709,341112
3710,164766
3711,23705
3712,201220
3713,351962
3714,27862
3715,48680
3716,160515
3717,172769
3718,96145
3719,256268
3720,18650
3721,119760
3722,104375
3723,361411
3724,118181
3725,365692
3726,267145
3727,204349
3728,256784
3729,217718
3730,344426
3731,155293
3732,259277
3733,138240
3734,338856
3735,16071
3736,322636
3737,83691
3738,124018
3739,41573
3740,363003
3741,31506
3742,19091
3743,81731
3744,350492
3745,34129
3746,190770
3747,19028
3748,189807
3749,75096
3750,58503
3751,155382
3752,62657
3753,235702
3754,119511
3755,28366
3756,52874
3757,62027
3758,73283
3759,102571
3760,166062
3761,327651
3762,250130
3763,80441
3764,28430
3765,89963
3766,104939
3767,95833
3768,147773
3769,172090
3770,37911
3771,173148
3772,151105
3773,128871
3774,180469
3775,351961
3776,168463
3777,16854
3778,182617
3779,367819
3780,120346
3781,54937
3782,178502
3783,78097
3784,143645
3785,160504
3786,341343
3787,125786
3788,328384
3789,232345
3790,159488
3791,184283
3792,362992
3793,350545
3794,118221
3795,186145
3796,62490
3797,55103
3798,118215
3799,55366
3800,170950
3801,263629
3802,90010
3803,327680
3804,176752
3805,44422
3806,97974
3807,64416
3808,186520
3809,110691
3810,59246
3811,240595
3812,62031
3813,352514
3814,156397
3815,179348
3816,83292
3817,327628
3818,113980
3819,54753
3820,328269
3821,139097
3822,83989
3823,91207
3824,67887
3825,266841
3826,90142
3827,161750
3828,69475
3829,365677
3830,274743
3831,103989
3832,63966
3833,55349
3834,191983
3835,84679
3836,13651
3837,186529
3838,109122
3839,71334
3840,80485
3841,106588
3842,335297
3843,22809
3844,52871
3845,197253
3846,168058
3847,141776
3848,327070
3849,144994
3850,76407
3851,191658
3852,144556
3853,368390
3854,124556
3855,84618
3856,100013
3857,60409
3858,239921
3859,344463
3860,201215
3861,328908
3862,195294
3863,70933
3864,134768
3865,108268
3866,17165
3867,237160
3868,362977
3869,130370
3870,17113
3871,164308
3872,177137
3873,367792
3874,94381
3875,114624
3876,104282
3877,60353
3878,104614
3879,194907
3880,338991
3881,274299
3882,157714
3883,246561
3884,57066
3885,325447
3886,178013
3887,151258
3888,176088
3889,125407
3890,184072
3891,254202
3892,121780
3893,66330
3894,195684
3895,135440
3896,342888
3897,109091
3898,181320
3899,182752
3900,173315
3901,332816
3902,125966
3903,100481
3904,164008
3905,239945
3906,266366
3907,67763
3908,58006
3909,253164
3910,327078
3911,235813
3912,118772
3913,362775
3914,7962
3915,182306
3916,321571
3917,366320
3918,52226
3919,58500
3920,23153
3921,56583
3922,94929
3923,318316
3924,367340
3925,74300
3926,9198
3927,120776
3928,125224
3929,11686
3930,101885
3931,242601
3932,171392
3933,367353
3934,119810
3935,201
3936,96915
3937,125393
3938,359165
3939,91484
3940,86183
3941,47241
3942,101473
3943,255588
3944,132159
3945,344953
3946,217660
3947,199913
3948,342419
3949,72073
3950,184204
3951,330834
3952,58502
3953,155346
3954,71290
3955,204478
3956,366068
3957,127831
3958,347614
3959,90857
3960,367346
3961,124431
3962,84426
3963,108406
3964,182004
3965,76560
3966,161307
3967,212093
3968,48519
3969,332262
3970,331387
3971,110951
3972,180160
3973,333878
3974,212932
3975,334693
3976,151836
3977,25470
3978,65749
3979,193480
3980,263528
3981,43714
3982,179295
3983,221864
3984,181626
3985,95701
3986,95547
3987,350962
3988,20107
3989,345104
3990,361126
3991,195517
3992,33370
3993,184295
3994,327038
3995,126905
3996,169576
3997,256288
3998,367348
3999,366938
4000,246255
4001,267994
4002,23230
4003,86203
4004,182614
4005,249879
4006,219462
4007,54849
4008,236307
4009,123457
4010,327074
4011,342520
4012,367981
4013,87502
4014,62325
4015,333788
4016,53388
4017,199781
4018,118224
4019,139964
4020,197214
4021,326101
4022,120218
4023,201170
4024,126270
4025,250758
4026,170402
4027,201180
4028,84537
4029,161642
4030,134888
4031,202951
4032,41609
4033,73359
4034,90705
4035,262912
4036,86169
4037,144075
4038,204360
4039,28135
4040,208847
4041,211087
4042,76197
4043,111737
4044,47707
4045,348217
4046,264091
4047,367345
4048,101331
4049,50411
4050,141365
4051,108782
4052,187658
4053,47821
4054,152729
4055,90722
4056,326902
4057,126738
4058,352043
4059,367549
4060,323477
4061,54281
4062,107359
4063,328038
4064,171305
4065,121532
4066,252789
4067,332565
4068,244765
4069,348429
4070,65424
4071,321659
4072,102045
4073,76583
4074,64485
4075,349369
4076,45359
4077,97605
4078,170392
4079,81104
4080,65741
4081,271186
4082,17110
4083,218304
4084,15556
4085,367825
4086,181460
4087,45362
4088,376
4089,147621
4090,179353
4091,71895
4092,170019
4093,167264
4094,154361
4095,52305
4096,21853
4097,158550
4098,244097
4099,350267
4100,64095
4101,119513
4102,327083
4103,365848
4104,24077
4105,61238
4106,335557
4107,275237
4108,222364
4109,241295
4110,47933
4111,268898
4112,263624
4113,264598
4114,102687
4115,369858
4116,171322
4117,86179
4118,366443
4119,277289
4120,188291
4121,223683
4122,151824
4123,273436
4124,367849
4125,85775
4126,81547
4127,91072
4128,267137
4129,345167
4130,114285
4131,205001
4132,216545
4133,326364
4134,217715
4135,24797
4136,326244
4137,172649
4138,125782
4139,126984
4140,327616
4141,69598
4142,114629
4143,46850
4144,266608
4145,126578
4146,204490
4147,233283
4148,168012
4149,169294
4150,332002
4151,123564
4152,135451
4153,101488
4154,365147
4155,240075
4156,332456
4157,161929
4158,26281
4159,76214
4160,134016
4161,138110
4162,157896
4163,39652
4164,133473
4165,20381
4166,339753
4167,51812
4168,367250
4169,86981
4170,74943
4171,165266
4172,239908
4173,16997
4174,46881
4175,135193
4176,366449
4177,237729
4178,263628
4179,36817
4180,223356
4181,90355
4182,9573
4183,167091
4184,335451
4185,81007
4186,200833
4187,91904
4188,348770
4189,213108
4190,165567
4191,103249
4192,270998
4193,82019
4194,235188
4195,251786
4196,104548
4197,126998
4198,329852
4199,234243
4200,273704
4201,132895
4202,213951
4203,235400
4204,176726
4205,201101
4206,156
4207,149970
4208,185348
4209,123902
4210,91259
4211,171477
4212,110461
4213,71963
4214,223691
4215,155812
4216,320056
4217,166221
4218,71905
4219,367859
4220,121980
4221,329578
4222,44681
4223,202782
4224,102856
4225,94634
4226,235261
4227,165340
4228,187923
4229,362033
4230,271335
4231,159362
4232,189451
4233,360922
4234,351572
4235,54266
4236,240846
4237,143971
4238,154667
4239,103352
4240,180421
4241,72546
4242,190526
4243,154662
4244,277716
4245,326987
4246,72938
4247,169251
4248,100840
4249,89987
4250,137288
4251,220959
4252,344471
4253,61074
4254,140329
4255,62335
4256,366546
4257,265648
4258,178021
4259,326109
4260,325434
4261,318102
4262,48936
4263,138189
4264,346136
4265,353078
4266,182597
4267,128725
4268,42191
4269,165906
4270,320913
4271,13303
4272,231760
4273,330740
4274,61026
4275,208811
4276,18526
4277,31322
4278,323318
4279,36782
4280,66304
4281,332499
4282,110991
4283,83751
4284,215938
4285,54938
4286,205101
4287,87943
4288,108790
4289,204832
4290,180736
4291,266525
4292,232282
4293,216101
4294,86185
4295,27362
4296,319100
4297,195090
4298,59522
4299,342978
4300,103267
4301,360615
4302,277275
4303,203341
4304,36305
4305,27524
4306,100299
4307,108789
4308,362649
4309,178524
4310,272203
4311,186670
4312,56558
4313,178247
4314,223277
4315,271578
4316,240379
4317,56236
4318,233142
4319,104627
4320,134968
4321,157883
4322,329976
4323,349199
4324,213519
4325,266609
4326,71938
4327,335006
4328,126966
4329,179437
4330,63580
4331,346054
4332,31950
4333,167043
4334,125790
4335,326233
4336,45660
4337,65567
4338,350960
4339,74305
4340,181254
4341,199354
4342,185088
4343,138214
4344,36963
4345,158782
4346,170397
4347,76212
4348,172594
4349,126879
4350,135003
4351,249166
4352,169283
4353,151461
4354,91272
4355,117406
4356,40954
4357,176028
4358,125436
4359,325624
4360,232292
4361,335087
4362,104641
4363,69581
4364,177301
4365,34111
4366,197251
4367,324790
4368,161922
4369,254271
4370,170470
4371,335714
4372,275195
4373,164206
4374,17214
4375,126991
4376,239645
4377,179718
4378,351609
4379,143961
4380,187593
4381,79186
4382,125363
4383,192368
4384,76444
4385,38642
4386,186679
4387,87462
4388,107425
4389,197459
4390,39938
4391,360408
4392,217577
4393,364635
4394,156418
4395,192149
4396,92889
4397,195416
4398,368835
4399,43562
4400,177284
4401,242092
4402,339967
4403,131032
4404,19906
4405,349119
4406,124423
4407,239940
4408,148356
4409,326454
4410,164858
4411,85976
4412,244364
4413,231530
4414,64373
4415,64645
4416,327009
4417,76138
4418,170400
4419,219271
4420,350507
4421,156227
4422,342412
4423,360776
4424,325715
4425,44049
4426,67457
4427,107606
4428,217417
4429,89688
4430,239929
4431,83067
4432,344810
4433,115270
4434,30970
4435,192651
4436,95030
4437,76726
4438,338105
4439,195409
4440,50377
4441,164118
4442,157104
4443,123679
4444,126868
4445,319269
4446,130148
4447,28333
4448,132721
4449,93978
4450,65624
4451,262191
4452,31057
4453,367335
4454,335005
4455,208595
4456,214365
4457,169252
4458,197546
4459,97606
4460,366544
4461,84551
4462,97178
4463,172636
4464,188194
4465,23258
4466,259656
4467,234537
4468,104638
4469,148614
4470,118194
4471,115425
4472,74242
4473,144121
4474,223293
4475,51675
4476,339968
4477,241368
4478,338354
4479,337448
4480,347227
4481,344706
4482,79251
4483,78385
4484,324289
4485,138393
4486,269343
4487,46624
4488,81195
4489,155920
4490,168465
4491,96079
4492,174056
4493,17912
4494,120359
4495,352961
4496,147845
4497,216747
4498,95218
4499,213219
4500,84129
4501,332415
4502,253057
4503,190680
4504,265370
4505,241776
4506,341823
4507,325915
4508,244935
4509,185992
4510,214677
4511,329680
4512,117816
4513,9681
4514,147642
4515,223248
4516,268079
4517,102670
4518,347049
4519,366607
4520,250021
4521,123615
4522,111393
4523,50410
4524,352850
4525,240936
4526,182593
4527,44535
4528,151211
4529,235712
4530,114623
4531,271457
4532,34871
4533,320228
4534,53237
4535,107608
4536,362084
4537,366255
4538,210589
4539,76079
4540,111002
4541,71336
4542,315857
4543,91524
4544,327280
4545,277266
4546,85980
4547,58915
4548,197555
4549,353595
4550,22618
4551,242952
4552,80081
4553,262528
4554,326532
4555,126938
4556,83470
4557,31946
4558,204410
4559,366644
4560,112478
4561,111667
4562,28655
4563,58555
4564,204898
4565,92742
4566,53921
4567,326350
4568,33206
4569,82471
4570,269457
4571,27078
4572,187839
4573,181248
4574,220348
4575,200193
4576,20737
4577,218903
4578,150884
4579,18767
4580,234357
4581,126266
4582,144425
4583,366258
4584,126763
4585,201190
4586,207405
4587,217529
4588,134857
4589,126996
4590,188077
4591,341496
4592,37550
4593,245729
4594,60953
4595,155043
4596,128705
4597,94828
4598,142002
4599,54747
4600,76198
4601,75156
4602,273625
4603,269417
4604,89961
4605,161640
4606,43795
4607,31039
4608,224022
4609,367351
4610,182393
4611,54177
4612,76211
4613,99224
4614,338721
4615,82892
4616,323638
4617,116219
4618,321421
4619,190530
4620,74975
4621,168469
4622,348295
4623,275050
4624,123450
4625,106870
4626,35033
4627,36105
4628,86191
4629,176338
4630,31776
4631,176037
4632,52220
4633,24946
4634,2690
4635,259609
4636,151465
4637,174069
4638,94173
4639,250516
4640,334438
4641,95377
4642,181989
4643,120914
4644,367002
4645,353319
4646,231917
4647,155600
4648,216619
4649,43710
4650,367347
4651,176343
4652,325769
4653,201600
4654,235543
4655,192532
4656,67112
4657,264126
4658,347223
4659,326726
4660,174760
4661,365687
4662,164205
4663,206050
4664,181876
4665,204831
4666,85482
4667,366444
4668,139767
4669,18749
4670,155618
4671,367332
4672,135497
4673,167194
4674,57787
4675,89958
4676,139329
4677,67113
4678,243708
4679,124099
4680,250031
4681,219563
4682,166004
4683,342176
4684,121778
4685,64335
4686,362384
4687,234334
4688,86161
4689,361327
4690,48263
4691,232972
4692,221554
4693,86189
4694,132737
4695,219517
4696,60757
4697,251208
4698,335186
4699,241369
4700,176815
4701,62166
4702,367446
4703,28118
4704,75095
4705,126174
4706,186902
4707,140229
4708,232789
4709,267537
4710,168450
4711,267146
4712,66990
4713,320518
4714,256022
4715,49771
4716,48159
4717,351585
4718,182607
4719,327649
4720,76753
4721,336848
4722,193061
4723,69022
4724,184798
4725,126942
4726,213085
4727,122763
4728,93657
4729,66052
4730,351413
4731,102853
4732,345747
4733,49768
4734,85761
4735,57766
4736,171325
4737,84949
4738,366119
4739,337445
4740,335275
4741,70084
4742,97795
4743,195111
4744,74475
4745,206009
4746,367007
4747,326978
4748,136512
4749,353488
4750,324404
4751,180255
4752,188202
4753,130051
4754,344422
4755,27418
4756,172922
4757,360333
4758,108668
4759,193354
4760,129321
4761,244713
4762,182602
4763,271184
4764,185177
4765,157867
4766,335231
4767,179047
4768,195597
4769,88529
4770,249488
4771,161877
4772,118464
4773,121779
4774,52111
4775,267495
4776,170644
4777,32852
4778,244696
4779,104077
4780,367835
4781,72736
4782,335486
4783,58273
4784,181610
4785,40862
4786,165749
4787,201153
4788,47237
4789,253596
4790,155899
4791,91446
4792,264473
4793,67146
4794,17706
4795,334078
4796,164203
4797,179505
4798,76581
4799,268129
4800,69238
4801,197413
4802,32588
4803,168801
4804,242545
4805,368825
4806,192230
4807,122743
4808,325621
4809,78230
4810,262903
4811,136496
4812,156973
4813,333519
4814,38591
4815,69641
4816,126750
4817,104430
4818,260569
4819,175836
4820,95843
4821,69553
4822,244915
4823,250081
4824,215944
4825,324781
4826,25780
4827,133825
4828,123622
4829,198370
4830,39674
4831,62531
4832,44076
4833,212915
4834,332082
4835,152540
4836,341553
4837,104971
4838,137721
4839,152999
4840,315899
4841,182800
4842,338854
4843,58236
4844,194245
4845,165067
4846,75069
4847,256023
4848,198323
4849,369262
4850,366527
4851,274780
4852,147239
4853,223249
4854,138083
4855,75619
4856,325553
4857,325128
4858,261338
4859,128914
4860,197874
4861,187611
4862,91196
4863,141820
4864,327652
4865,346268
4866,322182
4867,71973
4868,116638
4869,80399
4870,199438
4871,262380
4872,85429
4873,158513
4874,326941
4875,210168
4876,86066
4877,213193
4878,169753
4879,76238
4880,128093
4881,143296
4882,132563
4883,185118
4884,126743
4885,121331
4886,78241
4887,262642
4888,182534
4889,144423
4890,27167
4891,354184
4892,108349
4893,53377
4894,165754
4895,324021
4896,264449
4897,260062
4898,345302
4899,197714
4900,38118
4901,95373
4902,202538
4903,102686
4904,204363
4905,153422
4906,116791
4907,344636
4908,326917
4909,157287
4910,85233
4911,31960
4912,327991
4913,12808
4914,171376
4915,362772
4916,56516
4917,191934
4918,201165
4919,108266
4920,361172
4921,258225
4922,149487
4923,209964
4924,81865
4925,101678
4926,151453
4927,144071
4928,123445
4929,334077
4930,216622
4931,205729
4932,212969
4933,95026
4934,332718
4935,128158
4936,17805
4937,273649
4938,155737
4939,9566
4940,237430
4941,22862
4942,271442
4943,126546
4944,366361
4945,73578
4946,215300
4947,237193
4948,99643
4949,76737
4950,174777
4951,253111
4952,125161
4953,28428
4954,351412
4955,113979
4956,39651
4957,366669
4958,95625
4959,137968
4960,87252
4961,112761
4962,176163
4963,102667
4964,124400
4965,31482
4966,320548
4967,33313
4968,249915
4969,237412
4970,52073
4971,182605
4972,65935
4973,70957
4974,75627
4975,75628
4976,86956
4977,347634
4978,21412
4979,92846
4980,94763
4981,95546
4982,102857
4983,192195
4984,95689
4985,46681
4986,164199
4987,34357
4988,187288
4989,147848
4990,361058
4991,245833
4992,255105
4993,144866
4994,329774
4995,346310
4996,179588
4997,331415
4998,62591
4999,201294
5000,28429
5001,269404
5002,264582
5003,161817
5004,134017
5005,320792
5006,138962
5007,24945
5008,350717
5009,217744
5010,337061
5011,273510
5012,41138
5013,189275
5014,199476
5015,52602
5016,60290
5017,250759
5018,114021
5019,249929
5020,61836
5021,103291
5022,319225
5023,232272
5024,98823
5025,64372
5026,31370
5027,124717
5028,158738
5029,71732
5030,93136
5031,323646
5032,255248
5033,234107
5034,35031
5035,237374
5036,154758
5037,162209
5038,204480
5039,325898
5040,164286
5041,155379
5042,365883
5043,267153
5044,344983
5045,258213
5046,189632
5047,118658
5048,326920
5049,71524
5050,69211
5051,197953
5052,218928
5053,318064
5054,340480
5055,328555
5056,74480
5057,117308
5058,169924
5059,366302
5060,199922
5061,149088
5062,44810
5063,241813
5064,350993
5065,248259
5066,203
5067,350714
5068,94398
5069,65909
5070,328784
5071,52288
5072,209263
5073,18515
5074,333066
5075,122950
5076,244581
5077,34372
5078,85780
5079,259622
5080,103026
5081,150855
5082,7964
5083,62536
5084,67762
5085,48935
5086,238397
5087,62655
5088,268715
5089,360609
5090,204250
5091,3126
5092,78895
5093,219435
5094,182525
5095,72935
5096,338760
5097,59888
5098,90788
5099,188191
5100,241841
5101,176998
5102,109155
5103,94835
5104,203830
5105,86980
5106,148610
5107,126334
5108,86171
5109,365218
5110,144552
5111,118145
5112,204053
5113,92740
5114,107106
5115,366581
5116,119500
5117,156976
5118,1038
5119,58553
5120,341539
5121,328159
5122,126972
5123,223945
5124,260175
5125,174218
5126,265104
5127,259968
5128,362444
5129,207444
5130,216540
5131,337635
5132,152674
5133,176252
5134,160569
5135,164740
5136,267573
5137,212444
5138,210220
5139,76435
5140,240314
5141,44799
5142,74299
5143,125303
5144,58181
5145,120331
5146,213066
5147,145360
5148,232194
5149,66415
5150,328076
5151,363006
5152,267265
5153,188507
5154,123456
5155,207468
5156,123468
5157,327657
5158,366636
5159,146347
5160,244014
5161,151706
5162,187474
5163,339962
5164,67152
5165,348211
5166,177235
5167,180963
5168,255149
5169,130463
5170,156653
5171,20693
5172,341219
5173,170614
5174,178328
5175,342657
5176,131587
5177,244916
5178,328926
5179,134718
5180,208515
5181,266898
5182,83156
5183,175943
5184,98225
5185,234677
5186,264472
5187,28776
5188,38392
5189,67707
5190,16356
5191,156107
5192,187617
5193,271325
5194,219833
5195,341569
5196,349360
5197,44058
5198,220422
5199,105360
5200,70760
5201,347850
5202,196167
5203,363008
5204,86234
5205,93329
5206,245803
5207,107577
5208,41180
5209,181634
5210,78921
5211,209041
5212,231713
5213,133833
5214,188793
5215,157485
5216,79547
5217,238311
5218,46865
5219,84125
5220,17164
5221,188243
5222,207441
5223,321570
5224,102962
5225,346045
5226,73517
5227,160494
5228,130436
5229,98470
5230,58274
5231,349443
5232,159466
5233,156051
5234,27349
5235,77010
5236,368819
5237,264192
5238,137881
5239,162068
5240,86771
5241,361799
5242,155778
5243,138265
5244,120923
5245,108264
5246,101824
5247,62266
5248,179601
5249,136418
5250,86955
5251,235819
5252,102842
5253,342376
5254,14338
5255,235811
5256,268810
5257,269212
5258,67056
5259,149103
5260,215670
5261,62824
5262,71124
5263,62622
5264,84617
5265,366517
5266,335719
5267,198415
5268,211097
5269,26096
5270,64646
5271,191588
5272,58560
5273,325591
5274,366818
5275,62323
5276,92747
5277,239021
5278,101510
5279,7326
5280,169185
5281,325619
5282,31784
5283,240651
5284,50663
5285,55168
5286,271450
5287,325933
5288,9921
5289,110624
5290,238215
5291,269598
5292,369234
5293,86176
5294,219366
5295,185070
5296,219364
5297,73558
5298,123680
5299,119537
5300,210863
5301,61208
5302,208655
5303,221876
5304,207154
5305,46193
5306,54065
5307,126258
5308,126742
5309,113998
5310,26802
5311,368079
5312,60050
5313,85932
5314,92866
5315,173150
5316,182262
5317,208104
5318,236293
5319,316692
5320,74362
5321,202545
5322,327640
5323,259648
5324,26736
5325,150195
5326,11738
5327,17531
5328,174631
5329,109156
5330,30206
5331,326111
5332,244274
5333,342734
5334,260263
5335,15896
5336,105233
5337,78237
5338,38956
5339,95741
5340,361700
5341,259651
5342,360508
5343,8143
5344,238309
5345,242706
5346,262325
5347,126604
5348,272480
5349,96642
5350,344641
5351,216565
5352,50930
5353,202017
5354,75253
5355,366663
5356,337444
5357,68624
5358,98675
5359,259671
5360,192659
5361,137072
5362,321180
5363,118049
5364,83964
5365,323051
5366,132847
5367,330653
5368,37775
5369,320802
5370,237392
5371,344985
5372,42541
5373,269540
5374,104406
5375,120380
5376,153535
5377,30435
5378,63507
5379,259226
5380,192789
5381,77371
5382,144022
5383,167297
5384,249926
5385,197353
5386,277162
5387,264898
5388,182743
5389,200342
5390,94821
5391,217982
5392,237426
5393,121965
5394,53769
5395,97909
5396,93330
5397,345851
5398,238184
5399,126281
5400,87251
5401,185141
5402,333935
5403,349441
5404,351483
5405,74323
5406,363042
5407,242186
5408,95402
5409,362770
5410,148355
5411,193885
5412,341113
5413,123339
5414,236975
5415,184623
5416,347303
5417,178340
5418,352314
5419,162743
5420,130864
5421,77016
5422,217421
5423,245754
5424,235716
5425,326175
5426,263656
5427,71149
5428,68756
5429,242052
5430,250548
5431,104761
5432,27901
5433,327599
5434,123905
5435,84744
5436,107224
5437,126976
5438,349042
5439,128103
5440,275234
5441,20517
5442,154941
5443,201544
5444,108354
5445,325317
5446,181890
5447,185450
5448,3177
5449,97893
5450,154661
5451,152773
5452,166015
5453,74357
5454,344609
5455,15509
5456,338044
5457,126994
5458,63684
5459,173319
5460,101419
5461,329112
5462,79378
5463,85873
5464,99578
5465,259736
5466,149493
5467,365678
5468,362353
5469,274491
5470,166426
5471,128160
5472,17578
5473,164287
5474,260573
5475,139749
5476,327492
5477,220956
5478,85752
5479,173894
5480,366533
5481,250652
5482,248171
5483,362050
5484,121287
5485,200340
5486,329619
5487,74356
5488,78231
5489,259227
5490,209990
5491,326176
5492,265492
5493,192098
5494,24796
5495,126945
5496,336181
5497,319021
5498,342526
5499,49297
5500,127023
5501,333177
5502,94709
5503,275624
5504,174875
5505,53597
5506,102050
5507,175528
5508,39982
5509,52883
5510,237217
5511,156461
5512,360802
5513,239522
5514,338043
5515,366528
5516,75008
5517,367783
5518,18442
5519,95491
5520,68638
5521,104636
5522,272076
5523,202461
5524,38390
5525,47651
5526,323469
5527,53939
5528,80838
5529,157962
5530,32587
5531,362051
5532,49144
5533,24154
5534,212078
5535,157912
5536,327622
5537,339507
5538,17973
5539,250517
5540,353243
5541,181255
5542,199335
5543,326833
5544,184492
5545,58381
5546,60831
5547,346048
5548,71842
5549,91485
5550,318203
5551,179777
5552,21614
5553,197888
5554,346649
5555,160431
5556,123126
5557,1748
5558,191744
5559,338237
5560,335335
5561,63098
5562,167260
5563,218182
5564,354121
5565,344712
5566,131623
5567,139958
5568,251983
5569,88530
5570,361543
5571,346566
5572,274816
5573,33716
5574,335880
5575,68450
5576,52378
5577,245598
5578,366259
5579,327910
5580,161389
5581,139965
5582,54857
5583,86200
5584,258240
5585,117140
5586,171207
5587,238519
5588,263677
5589,217570
5590,259997
5591,155796
5592,366955
5593,172597
5594,217826
5595,216643
5596,215658
5597,100507
5598,241194
5599,240236
5600,167370
5601,245189
5602,149138
5603,33340
5604,349439
5605,261472
5606,350652
5607,44534
5608,246537
5609,144558
5610,43805
5611,361158
5612,155642
5613,126924
5614,322955
5615,3189
5616,36961
5617,69005
5618,168449
5619,69240
5620,346929
5621,196394
5622,117559
5623,58939
5624,333518
5625,62519
5626,188375
5627,85447
5628,59278
5629,71966
5630,255575
5631,75405
5632,243879
5633,38110
5634,94233
5635,241881
5636,38648
5637,28431
5638,121352
5639,82827
5640,126740
5641,198452
5642,81121
5643,177283
5644,203250
5645,119449
5646,126579
5647,217920
5648,39939
5649,234893
5650,325837
5651,335134
5652,148306
5653,241096
5654,370171
5655,127844
5656,125247
5657,237389
5658,150187
5659,237234
5660,353178
5661,108850
5662,221164
5663,140349
5664,257645
5665,364909
5666,98248
5667,39901
5668,259629
5669,169250
5670,182233
5671,34542
5672,181291
5673,125792
5674,327849
5675,122175
5676,243880
5677,321648
5678,263086
5679,332072
5680,368782
5681,294439
5682,126969
5683,91445
5684,135150
5685,66921
5686,238077
5687,16650
5688,100256
5689,361524
5690,348350
5691,344678
5692,273978
5693,319212
5694,219475
5695,233719
5696,125779
5697,197139
5698,368748
5699,108027
5700,248229
5701,18367
5702,265202
5703,107228
5704,259653
5705,143965
5706,271358
5707,98335
5708,155247
5709,327779
5710,158411
5711,243729
5712,73008
5713,326231
5714,209672
5715,6716
5716,57595
5717,71333
5718,143922
5719,164151
5720,103982
5721,28807
5722,58336
5723,244720
5724,322466
5725,250549
5726,168447
5727,238430
5728,125300
5729,108451
5730,170395
5731,80846
5732,222877
5733,127022
5734,155042
5735,189470
5736,39848
5737,71970
5738,94380
5739,71894
5740,118045
5741,254735
5742,321046
5743,338115
5744,128722
5745,52114
5746,362265
5747,120710
5748,363864
5749,276470
5750,60661
5751,45411
5752,173890
5753,261600
5754,164806
5755,111736
5756,242594
5757,272379
5758,76196
5759,121807
5760,135135
5761,166073
5762,177139
5763,161191
5764,275999
5765,258375
5766,121967
5767,202952
5768,251560
5769,238885
5770,278987
5771,195889
5772,168909
5773,220930
5774,223620
5775,183162
5776,20291
5777,197252
5778,185555
5779,95836
5780,158409
5781,326409
5782,158629
5783,163997
5784,85365
5785,366287
5786,27272
5787,125292
5788,234148
5789,221638
5790,55010
5791,258279
5792,364897
5793,7139
5794,124402
5795,84637
5796,193790
5797,327406
5798,77351
5799,329017
5800,156983
5801,346776
5802,264471
5803,156105
5804,166311
5805,121149
5806,335010
5807,179926
5808,96603
5809,104612
5810,64415
5811,75625
5812,59339
5813,316929
5814,201104
5815,362925
5816,165913
5817,102570
5818,62030
5819,179859
5820,336271
5821,368790
5822,192781
5823,118791
5824,51096
5825,360774
5826,351235
5827,340920
5828,204416
5829,203027
5830,55722
5831,30112
5832,67237
5833,318615
5834,159383
5835,218314
5836,145231
5837,187763
5838,162067
5839,234250
5840,316876
5841,26254
5842,347426
5843,157854
5844,152584
5845,264868
5846,83300
5847,217722
5848,368084
5849,169183
5850,20698
5851,168651
5852,151175
5853,76219
5854,82446
5855,201181
5856,67238
5857,76761
5858,167064
5859,167368
5860,345168
5861,121530
5862,242922
5863,243745
5864,74310
5865,217919
5866,124014
5867,221158
5868,154940
5869,149763
5870,201036
5871,339351
5872,352819
5873,46351
5874,156847
5875,95552
5876,194673
5877,151462
5878,76574
5879,84647
5880,365754
5881,109945
5882,192322
5883,267185
5884,46391
5885,223685
5886,190636
5887,159501
5888,80709
5889,155580
5890,16211
5891,200815
5892,351755
5893,18678
5894,321471
5895,273481
5896,344952
5897,110688
5898,33196
5899,125780
5900,59062
5901,340326
5902,238626
5903,175838
5904,112199
5905,235940
5906,176269
5907,345992
5908,149977
5909,320289
5910,238377
5911,146346
5912,350536
5913,44050
5914,108019
5915,180532
5916,261619
5917,157192
5918,210889
5919,267463
5920,347873
5921,17656
5922,43447
5923,326168
5924,21421
5925,19661
5926,273912
5927,171371
5928,17877
5929,327525
5930,41865
5931,145540
5932,174930
5933,75823
5934,244701
5935,328303
5936,63821
5937,51815
5938,342416
5939,147767
5940,195827
5941,233272
5942,23417
5943,171241
5944,48990
5945,147318
5946,147772
5947,317483
5948,249577
5949,170414
5950,376831
5951,147947
5952,7789
5953,104016
5954,119847
5955,19547
5956,35045
5957,124702
5958,339072
5959,81965
5960,41337
5961,59885
5962,360326
5963,334653
5964,124586
5965,69151
5966,125165
5967,336273
5968,215171
5969,231366
5970,197901
5971,126920
5972,15226
5973,39653
5974,210042
5975,84414
5976,150976
5977,102614
5978,86983
5979,367789
5980,33848
5981,147641
5982,189165
5983,176113
5984,134802
5985,167896
5986,51800
5987,217225
5988,156828
5989,328446
5990,70085
5991,234333
5992,239521
5993,264474
5994,188089
5995,173841
5996,156966
5997,185137
5998,259453
5999,328898
6000,363009
6001,175682
6002,354141
6003,7209
6004,161689
6005,65748
6006,124403
6007,205888
6008,83688
6009,334074
6010,118417
6011,178719
6012,328042
6013,275545
6014,325595
6015,325635
6016,249794
6017,91756
6018,72678
6019,87243
6020,259636
6021,325561
6022,185442
6023,96180
6024,328114
6025,51766
6026,162753
6027,108411
6028,72027
6029,135443
6030,273336
6031,75100
6032,337683
6033,263158
6034,30212
6035,191954
6036,234356
6037,34218
6038,198498
6039,326945
6040,94842
6041,174469
6042,83833
6043,120215
6044,165036
6045,367326
6046,182608
6047,97662
6048,175142
6049,116637
6050,319543
6051,157490
6052,2165
6053,179114
6054,71084
6055,81052
6056,219306
6057,198523
6058,339181
6059,219470
6060,7995
6061,76561
6062,231908
6063,71790
6064,39011
6065,338781
6066,137078
6067,64490
6068,104601
6069,352416
6070,331516
6071,76893
6072,235938
6073,217795
6074,366586
6075,180025
6076,149935
6077,124701
6078,71236
6079,85236
6080,361772
6081,124755
6082,82430
6083,95255
6084,7151
6085,168480
6086,79174
6087,140869
6088,322368
6089,111380
6090,104520
6091,57967
6092,366858
6093,326097
6094,43563
6095,121351
6096,101474
6097,365707
6098,194849
6099,128015
6100,56688
6101,325938
6102,119512
6103,199371
6104,97908
6105,59494
6106,102433
6107,233347
6108,57109
6109,139096
6110,140157
6111,184297
6112,128440
6113,182598
6114,126919
6115,157209
6116,274882
6117,167434
6118,143919
6119,115509
6120,322921
6121,287
6122,73591
6123,344648
6124,91973
6125,50913
6126,325954
6127,246178
6128,106544
6129,328905
6130,44774
6131,326171
6132,273340
6133,159477
6134,36925
6135,366884
6136,199634
6137,187735
6138,265582
6139,86173
6140,64486
6141,17658
6142,43350
6143,90798
6144,130498
6145,150915
6146,95560
6147,204474
6148,325740
6149,219530
6150,118184
6151,99077
6152,348127
6153,366313
6154,91757
6155,196358
6156,185451
6157,107126
6158,11736
6159,265568
6160,259565
6161,186395
6162,28136
6163,240359
6164,30133
6165,155907
6166,28301
6167,157868
6168,127610
6169,52872
6170,180457
6171,255244
6172,338212
6173,75721
6174,78075
6175,106347
6176,128723
6177,367787
6178,25459
6179,118187
6180,316656
6181,366290
6182,17339
6183,179730
6184,112149
6185,322190
6186,99963
6187,363169
6188,362283
6189,204765
6190,334958
6191,326204
6192,350997
6193,98833
6194,202678
6195,323639
6196,46534
6197,68311
6198,79440
6199,53236
6200,318849
6201,362632
6202,327661
6203,55009
6204,263639
6205,266323
6206,12809
6207,139327
6208,141285
6209,214307
6210,85423
6211,123447
6212,333070
6213,63967
6214,262152
6215,109976
6216,57548
6217,24788
6218,93344
6219,78686
6220,129475
6221,215179
6222,366472
6223,321191
6224,341344
6225,71739
6226,244800
6227,97844
6228,27583
6229,23894
6230,214507
6231,232331
6232,39853
6233,54945
6234,250096
6235,96219
6236,204808
6237,123624
6238,216750
6239,114626
6240,171075
6241,179307
6242,321194
6243,259128
6244,161328
6245,353122
6246,166887
6247,268132
6248,268998
6249,176096
6250,79656
6251,366496
6252,78434
6253,94286
6254,260176
6255,326310
6256,94794
6257,366438
6258,315738
6259,137703
6260,19546
6261,78400
6262,194635
6263,165280
6264,124010
6265,109140
6266,79079
6267,242194
6268,20329
6269,144346
6270,361701
6271,113151
6272,182612
6273,365156
6274,124985
6275,87718
6276,49524
6277,85441
6278,85877
6279,365688
6280,144023
6281,354123
6282,9676
6283,130869
6284,182282
6285,237212
6286,191814
6287,25866
6288,232111
6289,150338
6290,49610
6291,112812
6292,369236
6293,49973
6294,32000
6295,85875
6296,56637
6297,234445
6298,18625
6299,45928
6300,91261
6301,187673
6302,348230
6303,149788
6304,44682
6305,65581
6306,145624
6307,335137
6308,128044
6309,85479
6310,121785
6311,316665
6312,146684
6313,335289
6314,81040
6315,125294
6316,134987
6317,235696
6318,128701
6319,94922
6320,51027
6321,176703
6322,326146
6323,117139
6324,370
6325,90846
6326,269216
6327,120502
6328,81048
6329,232441
6330,325724
6331,69236
6332,180530
6333,259249
6334,82723
6335,344244
6336,86204
6337,99237
6338,264466
6339,170174
6340,94826
6341,147544
6342,260104
6343,127352
6344,76584
6345,322927
6346,360680
6347,222635
6348,135839
6349,197441
6350,333879
6351,251426
6352,330408
6353,57182
6354,198416
6355,369691
6356,85450
6357,327025
6358,234308
6359,238983
6360,157240
6361,181135
6362,180650
6363,138109
6364,72923
6365,130457
6366,150185
6367,135717
6368,17870
6369,366462
6370,349251
6371,43552
6372,128917
6373,181249
6374,211680
6375,263971
6376,18933
6377,366639
6378,95052
6379,201034
6380,207352
6381,60589
6382,121524
6383,366292
6384,102872
6385,20292
6386,259634
6387,57931
6388,261344
6389,46750
6390,108360
6391,182878
6392,345994
6393,113177
6394,335556
6395,274813
6396,214315
6397,96181
6398,67114
6399,320519
6400,176032
6401,368107
6402,189948
6403,87282
6404,23125
6405,245834
6406,182283
6407,101472
6408,361461
6409,192231
6410,47964
6411,121999
6412,212762
6413,182609
6414,273687
6415,158414
6416,367826
6417,366933
6418,44048
6419,147673
6420,259735
6421,126439
6422,367249
6423,334076
6424,232447
6425,326981
6426,354120
6427,239091
6428,237339
6429,268134
6430,125934
6431,43359
6432,175273
6433,159472
6434,274807
6435,151455
6436,106973
6437,139095
6438,66368
6439,80079
6440,93801
6441,315946
6442,348313
6443,22372
6444,363091
6445,126962
6446,138288
6447,253866
6448,182613
6449,70754
6450,328055
6451,326144
6452,326216
6453,238408
6454,345995
6455,350467
6456,117404
6457,89954
6458,239950
6459,69645
6460,36056
6461,272394
6462,103353
6463,240463
6464,325512
6465,117787
6466,365573
6467,69239
6468,79541
6469,144963
6470,18834
6471,366296
6472,57184
6473,272014
6474,367788
6475,21743
6476,128001
6477,126900
6478,59818
6479,108482
6480,126926
6481,198419
6482,30608
6483,327027
6484,165204
6485,120829
6486,184270
6487,112151
6488,77001
6489,23717
6490,124987
6491,178026
6492,347702
6493,86932
6494,257732
6495,137744
6496,85063
6497,366075
6498,37312
6499,254725
6500,217203
6501,30630
6502,67115
6503,181404
6504,367811
6505,149505
6506,115578
6507,97916
6508,249963
6509,124020
6510,148926
6511,126577
6512,123607
6513,51091
6514,149777
6515,238228
6516,56502
6517,239933
6518,242914
6519,125424
6520,126906
6521,120345
6522,121556
6523,353173
6524,221811
6525,144997
6526,239941
6527,185774
6528,184519
6529,74451
6530,208832
6531,324495
6532,97661
6533,263486
6534,244508
6535,268581
6536,179351
6537,271341
6538,69493
6539,89959
6540,47819
6541,130497
6542,204083
6543,24950
6544,189869
6545,262771
6546,106244
6547,182839
6548,359120
6549,185172
6550,329978
6551,74848
6552,219483
6553,66459
6554,249927
6555,177279
6556,342523
6557,261234
6558,360676
6559,329025
6560,199715
6561,96162
6562,348028
6563,168426
6564,170939
6565,269760
6566,180381
6567,44333
6568,368638
6569,362403
6570,86345
6571,95374
6572,31798
6573,197967
6574,327040
6575,4018
6576,63259
6577,366446
6578,182611
6579,94827
6580,179115
6581,340242
6582,86177
6583,337769
6584,126746
6585,11563
6586,87128
6587,64445
6588,234256
6589,268579
6590,344282
6591,102429
6592,181990
6593,365862
6594,263496
6595,182610
6596,342869
6597,366895
6598,365630
6599,114397
6600,182616
6601,267969
6602,168596
6603,133472
6604,325948
6605,238302
6606,71167
6607,93259
6608,275201
6609,268902
6610,52632
6611,333208
6612,191654
6613,325945
6614,61198
6615,101868
6616,334493
6617,221161
6618,126925
6619,25006
6620,57185
6621,43986
6622,149818
6623,210085
6624,125525
6625,366985
6626,85171
6627,263660
6628,170261
6629,96078
6630,243765
6631,344729
6632,320670
6633,123451
6634,94012
6635,166005
6636,233269
6637,93312
6638,106963
6639,176753
6640,333169
6641,330283
6642,162852
6643,18416
6644,168308
6645,329853
6646,58743
6647,249581
6648,325627
6649,134856
6650,118340
6651,195855
6652,16784
6653,273494
6654,344453
6655,49410
6656,327072
6657,87127
6658,325773
6659,180429
6660,138408
6661,17654
6662,347535
6663,162190
6664,126308
6665,282
6666,317826
6667,144018
6668,369887
6669,332006
6670,245728
6671,181767
6672,52298
6673,329675
6674,197221
6675,223754
6676,240743
6677,167501
6678,81485
6679,65171
6680,366252
6681,215970
6682,154628
6683,27347
6684,84912
6685,94774
6686,126986
6687,23289
6688,322580
6689,40808
6690,208714
6691,324792
6692,22810
6693,62279
6694,45350
6695,87527
6696,152723
6697,231763
6698,27905
6699,64564
6700,342182
6701,85173
6702,320484
6703,256461
6704,368823
6705,315967
6706,223684
6707,58557
6708,128898
6709,128870
6710,320177
6711,221934
6712,28649
6713,35220
6714,17367
6715,268124
6716,201291
6717,367833
6718,362979
6719,350650
6720,319215
6721,337999
6722,366645
6723,182596
6724,328097
6725,193735
6726,119645
6727,324866
6728,245190
6729,144422
6730,192748
6731,86958
6732,180741
6733,69395
6734,57591
6735,332556
6736,128524
6737,202019
6738,92018
6739,148632
6740,182615
6741,364609
6742,19870
6743,71708
6744,128526
6745,333020
6746,213938
6747,185449
6748,240162
6749,235726
6750,124562
6751,19167
6752,233975
6753,154675
6754,72922
6755,21891
6756,204488
6757,96700
6758,181569
6759,118253
6760,103250
6761,367314
6762,104083
6763,325207
6764,366488
6765,121809
6766,59900
6767,155582
6768,367352
6769,363080
6770,344711
6771,18677
6772,162238
6773,264117
6774,158630
6775,126870
6776,250539
6777,15562
6778,103347
6779,325976
6780,118827
6781,266687
6782,127607
6783,201627
6784,201979
6785,71891
6786,106012
6787,187203
6788,319357
6789,66792
6790,66155
6791,326707
6792,189519
6793,87301
6794,66669
6795,180274
6796,174642
6797,197132
6798,327042
6799,44407
6800,244641
6801,178878
6802,170805
6803,172882
6804,192701
6805,329835
6806,240832
6807,17365
6808,366983
6809,134180
6810,103957
6811,187139
6812,126954
6813,360342
6814,222026
6815,132340
6816,3998
6817,365917
6818,366336
6819,138406
6820,32320
6821,362955
6822,113783
6823,28166
6824,138294
6825,192005
6826,346004
6827,195598
6828,257695
6829,98702
6830,20026
6831,34165
6832,172768
6833,126907
6834,7996
6835,82171
6836,354124
6837,23709
6838,137759
6839,28167
6840,25580
6841,195879
6842,367538
6843,155092
6844,145228
6845,236981
6846,19556
6847,90405
6848,369625
6849,58269
6850,126933
6851,23541
6852,166829
6853,28639
6854,271209
6855,236949
6856,345313
6857,352228
6858,21419
6859,368604
6860,344389
6861,323637
6862,18969
6863,253115
6864,132565
6865,141977
6866,183931
6867,164213
6868,259316
6869,32366
6870,161184
6871,336767
6872,102706
6873,112154
6874,351237
6875,366493
6876,325716
6877,101396
6878,325212
6879,239488
6880,108423
6881,85979
6882,31371
6883,155488
6884,71408
6885,268666
6886,345565
6887,126932
6888,327055
6889,246179
6890,329058
6891,57559
6892,29629
6893,180430
6894,348835
6895,147647
6896,182595
6897,138156
6898,165386
6899,119501
6900,91206
6901,337140
6902,61077
6903,344714
6904,118055
6905,58276
6906,50813
6907,362295
6908,156594
6909,243882
6910,320236
6911,84940
6912,121961
6913,24252
6914,85225
6915,21047
6916,43853
6917,138983
6918,97396
6919,176999
6920,325904
6921,366697
6922,338840
6923,197730
6924,248183
6925,323818
6926,207466
6927,76944
6928,155806
6929,315755
6930,71958
6931,38389
6932,71028
6933,94237
6934,147768
6935,172643
6936,43357
6937,27818
6938,82270
6939,339325
6940,245451
6941,345514
6942,104537
6943,181394
6944,220787
6945,322010
6946,219307
6947,366254
6948,173442
6949,51056
6950,323682
6951,367617
6952,7328
6953,255574
6954,143975
6955,134773
6956,326970
6957,184870
6958,325804
6959,264811
6960,150297
6961,365942
6962,196274
6963,120205
6964,134018
6965,172602
6966,86157
6967,178150
6968,83135
6969,188148
6970,58335
6971,138064
6972,69242
6973,83683
6974,321445
6975,134881
6976,142293
6977,95548
6978,114625
6979,270290
6980,232131
6981,126928
6982,102295
6983,154373
6984,108403
6985,179929
6986,108761
6987,340154
6988,234451
6989,264116
6990,148361
6991,366341
6992,62632
6993,75167
6994,365880
6995,143568
6996,325090
6997,98017
6998,264483
6999,65931
7000,72819
7001,95053
7002,61685
7003,25823
7004,259630
7005,182604
7006,213924
7007,244591
7008,22881
7009,70137
7010,325626
7011,199827
7012,656
7013,166338
7014,235186
7015,366310
7016,234471
7017,126555
7018,138266
7019,241108
7020,51101
7021,251566
7022,17479
7023,89057
7024,325901
7025,102616
7026,274213
7027,155752
7028,124440
7029,155466
7030,82102
7031,274630
7032,249925
7033,330931
7034,255673
7035,248172
7036,329850
7037,329995
7038,19829
7039,133729
7040,83607
7041,58564
7042,269005
7043,135838
7044,156698
7045,348294
7046,124711
7047,96701
7048,23196
7049,24241
7050,182789
7051,94765
7052,274945
7053,42627
7054,140336
7055,238310
7056,273545
7057,338030
7058,344812
7059,321189
7060,143301
7061,74440
7062,50590
7063,347707
7064,161351
7065,110992
7066,275520
7067,39851
7068,92890
7069,204016
7070,337634
7071,166572
7072,34620
7073,38109
7074,180535
7075,215385
7076,233105
7077,241351
7078,125927
7079,60934
7080,80506
7081,267136
7082,98828
7083,149360
7084,122087
7085,219404
7086,30786
7087,255241
7088,352509
7089,81833
7090,135595
7091,327913
7092,250032
7093,320543
7094,93962
7095,268172
7096,67139
7097,70987
7098,53373
7099,156979
7100,26187
7101,360296
7102,126914
7103,188246
7104,87244
7105,366917
7106,91443
7107,125172
7108,239970
7109,201586
7110,253883
7111,242596
7112,81487
7113,349223
7114,354016
7115,251532
7116,129344
7117,233268
7118,59247
7119,232300
7120,184036
7121,365701
7122,171455
7123,94914
7124,202749
7125,53485
7126,275349
7127,243622
7128,76080
7129,143118
7130,124563
7131,27819
7132,171650
7133,333606
7134,160493
7135,197330
7136,71123
7137,169737
7138,64461
7139,63823
7140,209219
7141,46874
7142,137715
7143,76193
7144,250025
7145,117517
7146,146869
7147,54638
7148,32420
7149,76771
7150,95849
7151,169284
7152,34266
7153,68466
7154,259647
7155,28445
7156,126931
7157,77310
7158,127108
7159,31293
7160,114288
7161,171247
7162,268186
7163,104578
7164,120806
7165,325359
7166,145399
7167,319277
7168,22504
7169,326668
7170,61518
7171,105311
7172,124441
7173,85483
7174,367618
7175,5635
7176,113605
7177,222494
7178,93989
7179,129431
7180,353089
7181,217208
7182,233344
7183,217177
7184,127839
7185,235942
7186,17090
7187,355033
7188,16932
7189,280239
7190,348855
7191,267880
7192,106350
7193,119455
7194,118199
7195,78232
7196,238830
7197,158422
7198,158579
7199,178525
7200,89685
7201,37739
7202,193662
7203,75713
7204,121564
7205,351726
7206,197375
7207,162355
7208,335623
7209,238774
7210,347708
7211,215312
7212,352902
7213,49770
7214,123654
7215,161399
7216,81387
7217,168448
7218,167529
7219,3185
7220,101460
7221,249934
7222,342451
7223,39856
7224,254838
7225,66331
7226,363471
7227,326982
7228,101477
7229,116228
7230,45393
7231,195739
7232,86186
7233,366592
7234,237540
7235,344949
7236,34329
7237,52638
7238,25520
7239,325972
7240,151151
7241,77362
7242,17837
7243,193887
7244,166582
7245,36306
7246,218343
7247,150188
7248,204801
7249,181148
7250,141785
7251,71209
7252,91071
7253,349401
7254,348015
7255,320734
7256,158639
7257,258355
7258,91288
7259,237312
7260,128994
7261,210584
7262,74316
7263,37774
7264,316741
7265,338976
7266,72934
7267,347810
7268,99896
7269,349404
7270,130754
7271,157483
7272,95011
7273,70088
7274,144824
7275,256316
7276,141683
7277,186600
7278,64446
7279,89962
7280,14599
7281,118258
7282,342300
7283,338256
7284,275690
7285,71289
7286,338038
7287,182313
7288,347389
7289,339788
7290,277717
7291,266436
7292,335882
7293,124983
7294,234855
7295,195721
7296,78377
7297,248205
7298,179602
7299,264586
7300,81188
7301,124011
7302,144896
7303,96698
7304,264759
7305,130459
7306,173005
7307,318609
7308,189634
7309,212096
7310,193971
7311,97158
7312,52072
7313,84691
7314,338964
7315,181584
7316,151099
7317,26772
7318,65941
7319,33720
7320,71904
7321,69952
7322,81271
7323,95034
7324,71900
7325,2523
7326,341723
7327,26271
7328,158555
7329,245805
7330,317429
7331,117293
7332,169254
7333,25388
7334,345743
7335,124974
7336,367643
7337,177102
7338,162751
7339,91289
7340,51806
7341,3183
7342,101390
7343,87130
7344,65887
7345,150182
7346,117084
7347,335718
7348,201230
7349,327526
7350,24972
7351,135559
7352,77648
7353,321195
7354,257517
7355,334954
7356,330281
7357,115196
7358,75219
7359,176793
7360,171110
7361,61252
7362,123455
7363,161756
7364,271374
7365,40809
7366,157495
7367,220890
7368,98733
7369,335381
7370,96965
7371,322540
7372,69308
7373,257509
7374,71872
7375,334059
7376,2540
7377,192141
7378,128159
7379,132566
7380,98945
7381,209044
7382,203156
7383,20285
7384,177781
7385,145184
7386,348121
7387,18413
7388,341903
7389,193719
7390,176711
7391,126275
7392,150178
7393,264481
7394,93055
7395,318076
7396,126930
7397,244590
7398,368501
7399,367102
7400,85241
7401,150437
7402,218328
7403,53768
7404,196114
7405,71687
7406,118398
7407,125541
7408,98871
7409,198857
7410,249945
7411,155281
7412,99683
7413,87422
7414,128847
7415,327702
7416,235241
7417,32316
7418,346652
7419,332385
7420,203517
7421,66931
7422,213380
7423,211949
7424,155362
7425,37721
7426,95693
7427,36095
7428,101348
7429,162155
7430,107977
7431,34410
7432,21935
7433,159469
7434,323683
7435,335438
7436,202798
7437,361034
7438,107209
7439,201546
7440,103147
7441,330400
7442,161649
7443,274471
7444,249579
7445,54754
7446,252909
7447,178856
7448,195303
7449,201601
7450,132359
7451,34023
7452,29600
7453,244643
7454,245156
7455,9197
7456,141143
7457,243711
7458,209969
7459,126923
7460,157866
7461,114390
7462,67899
7463,77372
7464,320244
7465,331293
7466,113531
7467,263482
7468,245159
7469,319218
7470,66938
7471,197869
7472,159470
7473,137880
7474,165432
7475,71912
7476,208810
7477,328142
7478,73169
7479,26184
7480,126283
7481,193761
7482,186698
7483,39849
7484,61207
7485,239499
7486,267715
7487,84457
7488,126937
7489,136847
7490,118511
7491,147533
7492,328196
7493,191497
7494,234283
7495,3991
7496,106860
7497,338254
7498,272212
7499,127349
7500,132735
7501,102564
7502,70950
7503,339691
7504,186700
7505,117764
7506,369508
7507,188768
7508,178770
7509,27378
7510,339276
7511,219505
7512,250151
7513,266897
7514,71972
7515,354052
7516,341554
7517,360628
7518,93737
7519,98821
7520,320012
7521,241135
7522,86195
7523,71085
7524,87078
7525,327279
7526,97913
7527,321179
7528,318197
7529,98165
7530,114276
7531,161187
7532,147331
7533,48653
7534,58270
7535,57763
7536,189556
7537,263622
7538,34527
7539,184818
7540,118786
7541,87302
7542,52377
7543,68388
7544,234871
7545,330284
7546,87247
7547,76685
7548,69876
7549,101393
7550,86769
7551,274600
7552,79542
7553,263145
7554,123472
7555,144126
7556,325728
7557,118262
7558,213920
7559,351729
7560,117601
7561,188699
7562,120352
7563,262830
7564,360760
7565,180238
7566,324771
7567,118218
7568,18233
7569,351897
7570,195828
7571,80577
7572,235725
7573,264945
7574,136494
7575,137412
7576,233270
7577,112065
7578,47653
7579,50628
7580,24949
7581,26366
7582,218358
7583,101506
7584,208857
7585,238508
7586,223813
7587,251987
7588,327593
7589,338814
7590,22884
7591,234251
7592,54574
7593,369192
7594,241876
7595,102708
7596,125062
7597,18894
7598,267220
7599,69339
7600,235941
7601,36265
7602,33841
7603,179046
7604,119438
7605,257041
7606,180649
7607,17431
7608,126303
7609,325222
7610,197254
7611,174641
7612,273350
7613,338839
7614,39872
7615,195892
7616,85885
7617,74318
7618,321186
7619,328077
7620,352434
7621,328189
7622,163362
7623,362910
7624,348428
7625,155467
7626,357574
7627,223181
7628,254343
7629,324102
7630,31368
7631,7524
7632,245401
7633,217350
7634,125170
7635,199712
7636,81909
7637,115351
7638,262243
7639,244229
7640,91755
7641,154939
7642,195522
7643,349470
7644,366984
7645,104280
7646,329106
7647,259564
7648,337620
7649,244476
7650,93736
7651,344336
7652,150113
7653,233154
7654,235520
7655,241289
7656,172934
7657,95051
7658,125962
7659,100049
7660,70989
7661,126747
7662,15221
7663,336800
7664,266676
7665,256019
7666,135579
7667,327613
7668,103194
7669,254810
7670,124703
7671,89687
7672,1960
7673,15554
7674,319283
7675,59496
7676,107652
7677,160910
7678,129443
7679,57589
7680,127002
7681,85895
7682,31614
7683,117786
7684,56354
7685,121777
7686,123010
7687,246010
7688,117094
7689,218339
7690,161503
7691,328190
7692,242428
7693,333923
7694,333948
7695,50911
7696,69047
7697,214008
7698,336837
7699,42384
7700,29856
7701,118790
7702,339490
7703,138048
7704,321447
7705,75962
7706,171379
7707,31258
7708,209218
7709,337614
7710,366832
7711,99199
7712,327778
7713,336387
7714,259755
7715,20788
7716,102094
7717,138259
7718,55245
7719,201037
7720,94213
7721,353594
7722,339961
7723,83639
7724,123909
7725,340155
7726,261162
7727,18606
7728,347365
7729,234349
7730,215690
7731,194370
7732,87250
7733,126575
7734,324010
7735,266517
7736,200832
7737,327591
7738,260880
7739,54581
7740,239109
7741,65472
7742,327592
7743,243751
7744,95028
7745,164735
7746,59730
7747,40625
7748,366308
7749,336341
7750,43802
7751,17591
7752,108351
7753,139974
7754,148333
7755,167521
7756,369632
7757,98825
7758,244103
7759,259626
7760,136280
7761,201292
7762,151377
7763,87245
7764,74262
7765,263829
7766,325603
7767,119926
7768,141626
7769,28645
7770,176710
7771,165904
7772,109861
7773,244505
7774,101867
7775,184574
7776,28331
7777,144421
7778,259706
7779,47201
7780,220220
7781,52296
7782,362913
7783,39675
7784,125825
7785,94924
7786,336297
7787,189314
7788,369235
7789,264465
7790,124434
7791,84633
7792,240938
7793,215984
7794,76543
7795,43553
7796,261618
7797,125293
7798,367642
7799,126333
7800,118572
7801,111160
7802,240380
7803,235338
7804,30193
7805,16360
7806,169103
7807,118114
7808,328024
7809,38693
7810,276074
7811,64384
7812,265171
7813,52635
7814,320898
7815,45410
7816,261376
7817,50050
7818,145513
7819,82276
7820,113600
7821,344715
7822,318650
7823,366975
7824,244197
7825,90856
7826,20194
7827,120588
7828,168501
7829,353371
7830,74319
7831,173409
7832,17412
7833,141458
7834,261617
7835,329082
7836,152546
7837,345926
7838,218333
7839,316657
7840,231298
7841,165168
7842,174865
7843,340276
7844,157149
7845,246250
7846,128335
7847,360629
7848,66622
7849,266632
7850,62332
7851,257831
7852,255951
7853,327848
7854,334151
7855,183992
7856,273337
7857,241457
7858,38388
7859,75273
7860,259615
7861,335712
7862,235957
7863,325276
7864,154419
7865,257930
7866,272218
7867,196197
7868,195619
7869,63366
7870,117650
7871,22094
7872,101458
7873,366309
7874,61076
7875,334477
7876,250771
7877,86766
7878,83687
7879,113997
7880,104330
7881,15450
7882,363041
7883,192363
7884,111948
7885,264469
7886,196554
7887,135565
7888,32992
7889,365244
7890,363027
7891,93804
7892,204536
7893,263094
7894,48663
7895,185120
7896,22721
7897,21041
7898,116600
7899,192193
7900,69826
7901,126744
7902,235717
7903,273468
7904,108275
7905,166260
7906,86324
7907,276471
7908,80685
7909,150490
7910,160416
7911,219028
7912,369641
7913,181632
7914,235599
7915,234169
7916,103226
7917,235775
7918,197567
7919,267199
7920,76199
7921,253992
7922,14781
7923,220842
7924,71754
7925,369455
7926,141774
7927,215989
7928,26275
7929,265614
7930,323329
7931,61215
7932,344572
7933,329436
7934,275387
7935,172941
7936,347619
7937,126299
7938,209208
7939,151471
7940,60956
7941,318924
